token,50tracks
throwback,0XUfyU2QviPAs6bxSpXYG4 0WqIKmW4BTrj3eJFmnCKMv 2gam98EZKrF9XuOkU13ApN 5Q0Nhxo0l2bP3pNjpGJwV1 1AWQoqb9bSvzTjaLralEkT 2PpruBYCo4H7WOBJ7Q2EwM 6GIrIt2M39wEGwjCQjGChX 7oK9VyNzrYvRFo7nQEYkWN 12qZHAeOyTf93YAWvGDTat 5y69gQtK33qxb8a24ACkCy 6GIrIt2M39wEGwjCQjGChX 0UaMYEvWZi0ZqiDOoHU3YI 6I9VzXrHxO9rA9A5euc8Ak 1lzr43nnXAijIGYnCT8M8H 4Y45aqo9QMa57rDsAJv40A 4omisSlTk6Dsq2iQD7MA07 7xYnUQigPoIDAMPVK79NEq 7DFnq8FYhHMCylykf6ZCxA 1TfAhjzRBWzYZ8IdUV3igl 1Y4ZdPOOgCUhBcKZOrUFiS 67T6l4q3zVjC5nZZPXByU8 4E5P1XyAFtrjpiIxkydly4 3H1LCvO3fVsK2HPguhbml0 3uoQULcUWfnt6nc6J7Vgai 2nbClS09zsIAqNkshg6jnp 5lDriBxJd22IhOH9zTcFrV 2eJ8ij1T3cNUKiGdcUvKhy 68vgtRHr7iZHpzGpon6Jlo 3BxWKCI06eQ5Od8TY2JBeA 7H6ev70Weq6DdpZyyTmUXk 1HwpWwa6bnqqRhK8agG4RS 20ORwCJusz4KS2PbTPVNKo 7k6IzwMGpxnRghE7YosnXT 1Bv0Yl01xBDZD4OQP93fyl 6d8A5sAx9TfdeseDvfWNHd 4pmc2AxSEq6g7hPVlJCPyP 215JYyyUnrJ98NK3KEwu6d 0uqPG793dkDDN7sCUJJIVC 19Js5ypV6JKn4DMExHQbGc 1JURww012QnWAw0zZXi6Aa 6MjljecHzHelUDismyKkba 34ceTg8ChN5HjrqiIYCn9Q 69ghzc538EQSVon2Gm3wrr 1kusepF3AacIEtUTYrw4GV 2jFlMILIQzs7lSFudG9lbo 4I2GqMe7L2ccMpUbnDzYLH 1X5WGCrUMuwRFuYU1eAo2I 3utIAb67sOu0QHxBE88P1M 3jkdQNkDTxxXtjSO4l0o1H 5c1sfI6wIQEsSUw0xrkFdl 
korean,0WNGsQ1oAuHzNTk8jivBKW 67BbMuItfrHmaNqDxBPF7c 1Zyd6zQnC6XIIzmg3hP7Ot 2tnBkiyJWLnQGsjyz4BuJJ 7iV733e1KacKrFRaBNxVEf 5SE57ljOIUJ1ybL9U6CuBH 3ryjLm3oupIjJFGc39naNi 2SYa5Lx1uoCvyDIW4oee9b 74tqql9zP6JjF5hjkHHUXp 4erhEGuOGQgjv3p1bccnpn 4hRA2rCPaCOpoEIq5qXaBz 1enx9LPZrXxaVVBxas5rRm 24psBRmEw3kHjBGZfl1dmb 06L1apH8kLF47dbhZ4Zg9A 2qWgqPdW1OiAP8KSBH1b93 2PTf3zh9UUsgdxQ5b0eXg8 7tIJDktakabGoHjwTTa35W 6ToAD7ajJidQTDn72OncDG 6yEfq48XkEzCg0TwY6Hhkb 1ZgfAxHQCXLt8o1VXEHHAt 4b1sQpvL7QVgamRZ74F1oA 0AO2yQNGcH0ASHHU5lS4lT 0g1AmSKokPboFrxmG1dxKx 5S5gGOsUarzRXKoaSstwba 4z8xFgX0Xq1T9xXomoDLJ2 4Y6Voc2xpc4lPD5iKpN4o2 2fRojxstKd6Tz9VziOeo9n 2BPXILn0MqOe5WroVXlvN1 1zl7VGjTBriRXgdHEb6z1e 2MSjhkw47sGrjbZhColyVx 4ZSLc2F15wKVPjyLt169tt 0yiigrFvNj02eIlqM8ZGXf 0mtuqz4rcMYCKjF1cjmlu6 7dkX68UnlbaCBWNDWSrthP 2sdf2x4YLaHb1k9HtE9cBs 00z4wF0iJsp6GwDkQxkGs6 0k6ItoyE50QuW50nGYLO2v 61NMqZzdUmRHw1KdS1honh 0PibTyOTrNsVfQReWmPhc8 3JBnDOUd18QKjDqSYuOfpm 1dzuJ9z66RXuDV3t3gQrFI 3MdJSXjBarAYuuJ7rjJLDk 2LowwiemmGMzzNSH1PJprK 73szhI6oOawKlv6AxgHIS8 7uzib3dSSwgUwcD3z0k3bR 23Sp4OKoHAmPehmCFsmWdX 5FxasBmho2yEvgXrzp9MMW 54ASqOnnhFprbsGtNg9IEZ 08mBjtIMyRWBh4Y4ubOuiK 4VFOTZfzXPYGfaA2P43QfP 
wedding,0XUfyU2QviPAs6bxSpXYG4 5Q0Nhxo0l2bP3pNjpGJwV1 5j9iuo3tMmQIfnEEQOOjxh 70cTMpcgWMcR18t9MRJFjB 2y4lAQpi5VTNLu2ldeTdUH 70cTMpcgWMcR18t9MRJFjB 5j9iuo3tMmQIfnEEQOOjxh 5HuqzFfq2ulY1iBAW5CxLe 7MCNnnmwm7TXMh7xyNGohi 6qn9YLKt13AGvpq9jfO8py 5ChkMS8OtdzJeqyybCc9R5 1Slwb6dOYkBlWal1PGtnNg 6YUTL4dYpB9xZO5qExPf05 3bidbhpOYeV4knp8AIu8Xn 3cHyrEgdyYRjgJKSOiOtcS 61LtVmmkGr8P9I2tSPvdpf 0CAfXk7DXMnon4gLudAp7J 5bitEcj72xFL3yv9ZS5fkE 4Ow5x7P5NAAR1jPoskudoA 3zByVQLvdXUaDTubfWkpCk 1dzQoRqT5ucxXVaAhTcT0J 0DiWol3AO6WpXZgp0goxAV 1dzQoRqT5ucxXVaAhTcT0J 7mitXLIMCflkhZiD34uEQI 3H1LCvO3fVsK2HPguhbml0 5bitEcj72xFL3yv9ZS5fkE 557un1HgwYMuqfWGSTmnxw 1qHXpsRP2gwteJCPUrc9wA 1SLikaDhWhhhnLJC58bkFI 2CAK2t1reUgPK6OMgAMURB 3bC1ahPIYt1btJzSSEyyrF 2LEF1A8DOZ9wRYikWgVlZ8 27AHAtAirQapVldIm4c9ZX 2CAK2t1reUgPK6OMgAMURB 2TR7A4ulH9R1PNwMyd8o8U 6FE2iI43OZnszFLuLtvvmg 3x2YIvkLcxvZQsA5x6xyIR 3DmW6y7wTEYHJZlLo1r6XJ 7fYbFYt7X4FZvuJJC90EX0 1V4jC0vJ5525lEF1bFgPX2 3XVozq1aeqsJwpXrEZrDJ9 6eE6akYdf9w2rZUOIMwSgw 3S2R0EVwBSAVMd5UMgKTL0 12lZTPlXwUtrQuhEty6098 3Xv5C02Wxlek0dmrYAM5A8 07Tx168RSsUS1HqkDIOZbH 0jDWRUbxSn8zQlwFbeLHwo 6ebkx7Q5tTxrCxKq4GYj0Y 4QNpBfC0zvjKqPJcyqBy9W 0VZ9xPNa6ROafP6GYYuv2S 
2017,78rIJddV4X0HkNAInEcYde 6Wt5QBzHp9vdSLAFlvdnDQ 57awyWlR4Itwb2DFIFmd9i 57awyWlR4Itwb2DFIFmd9i 4iLqG9SeJSnt0cSPICSjxv 0GOFjHM4255TjilQwVhauV 3BagxjtKfR4fP85ePlUTDn 34i4yxPrHWquuR4kjiivFO 0UE0RhnRaEYsiYgXpyLoZc 38tpcZDofjtDNunMm5w1EU 7urOj7zwJa2rG5eWc7Nz4W 7ol59kVwq3DQyyjKZ2DRzy 6HyrSFRDUvVHPe3BjwdYX8 4ezoLNETAkSv2XJ3ALB6Fg 6bpBsotzL05UzS1rHsIqk8 4SlGszCL8Kxamm9ngmA1tJ 3cdcT7I1xnQqQ84zMCtrKU 4B1Gq9foMAhAgkAaLTSaTl 2WQn7Yvs728KZmmY6tgWqH 33wIYOxUVvm1AahfX3e5aC 1EqLuIHIWIoFt1xAFXGZSC 3kxfsdsCpFgN412fpnW85Y 3zgs1f6Tj0mn29qTXJuhSY 0VaIsQoIQY10uxBrOyZ5cQ 30msOgLWuLnrO0MWIG4ifE 197GCAEeZKnKK7jepxfkr3 5JZdu2fK7qvJgg0DfVmJe5 5IuIwaz6gNFchVPbcOXP5o 3CvHIZRmspOwwcTk1lXkPI 03WuFsWpkytZ6c5iidS8Im 41yIvlFgvGwxq8qTqAR7eG 4JCDHdAOljjI8whcMxjPji 7hxCyFGWD2WDYjdpuqQAHr 7Js278ET3O52ymQd8LU5bq 6GlgDtL8PEcOhLMQqjLtyM 3aWPdd6U1xbsIEGEpUaPyQ 41OmOCUlaG3xcfLr1Di3di 00cSN1TMyHZErfyJbLMB05 5V3hSY2IaNgsQLuG4MbfXL 7MuFGunTQHcPZerT84jmKw 5hmjpbBTy8TxV9wDKifSub 79kGTUTQNIwnOr3Zck04vB 7e0agBdgTU6r9hPM3rb9FY 5IzsN9YiN576rmX3fgDgXl 6Gf9L0RePGpCHaFIXCMZN4 1BltsyC5W3SAABdxyrDXwi 4wBzcbZPAkMC6gpKsr84a9 2H881m3JRA8lpuuwaQL6zy 5efuBeQd7Y2Q2kXOeiMpRo 3re97KCFI7Lt6pRfxdC8KL 
abby,3ZLyt2ndLFBh148XRYjYYZ 34oWbFBfGEElvgO0a5c9V4 6gBFPUFcJLzWGx4lenP6h2 439TlnnznSiBbQbgXiBqAd 1yxgsra98r3qAtxqiGZPiX 0PJIbOdMs3bd5AT8liULMQ 4aX4Oycsk1fhHIee1zqsDe 08zJpaUQVi9FrKv2e32Bah 2bjwRfXMk4uRgOD9IBYl9h 70tFuqBcduJv15bEnOPRTh 16qYlQ6koFxYVbiJbGHblz 4w7yrP4RAeeyhfG9nJqQvS 6p8NuHm8uCGnn2Dtbtf7zE 2771LMNxwf62FTAdpJMQfM 5yuShbu70mtHXY0yLzCQLQ 4scpF6J5uMBvoh6sFB7EL1 19gEmPjfqSZT0ulDRfjl0m 6LxSe8YmdPxy095Ux6znaQ 4NTWZqvfQTlOMitlVn6tew 3NJG6vMH1ZsectZkocMEm0 7KOlJ92bu51cltsD9KU5I7 3pXF1nA74528Edde4of9CC 1uDjaezEbalGyGnuH80zDK 1f5cbQtDrykjarZVrShaDI 1Ser4X0TKttOvo8bgdytTP 3e21cX0CVwzkQXiHz7WUQZ 6v2eEC9Nr9POe5xPUm8361 4GVD0FIBo08FSAy3tbIY7g 2RUuKIHFHjk41E7YsJ9HNP 5tsI3xxDHDgzHhn30LTQNz 59oP06RoBps6bvbvSQ1Zee 02opp1cycqiFNDpLd2o1J3 3Eq7yD58dIXqOgw1j7NFhY 1jrR0rsFRSWR2CHJLL2TrR 0URaKGzNTtzKRtsJN1RkA9 17AS0y6FnHdYImAPUydAJg 49GYdiLjYMrUKr7H5YXHto 29gsi1zZrZxdStACmTQB0Z 3cuW0sgJND4ZkdN1m7m7Gg 1V8c3uV6p7uTsfQof5oRXg 7rdjfrTBMNt3KaaGvSv3YG 2p4p9YGwmJIdf5IA9sSWhm 1ec64Z9X5poSYPT4N1QNm6 4Hj5yNHgu2dyrnzRQN7Gld 3eze1OsZ1rqeXkKStNfTmi 1OHoBC4icbuNhpSxP400sv 7zBQRGpYImAdIZc97FNj3V 7bsnTsbiwOymZWjPF9v6Di 5mB1bWU8VueYVxuvcLPn2B 6ndmKwWqMozN2tcZqzCX4K 
mom,4VrWlk8IQxevMvERoX08iC 5j9iuo3tMmQIfnEEQOOjxh 5HuqzFfq2ulY1iBAW5CxLe 2iUmqdfGZcHIhS3b9E9EWq 2iUmqdfGZcHIhS3b9E9EWq 5b88tNINg4Q4nrRbrCXUmg 6qn9YLKt13AGvpq9jfO8py 4eLSCSELtKxZwXnFbNLXT5 3gbBpTdY8lnQwqxNCcf795 3mNecsYFb6LQg7822DPXCP 7oK9VyNzrYvRFo7nQEYkWN 0j6YwWZVHsIFKr5FDEu68o 3uhBIQ7tv8j1FME8cFGEfG 4rHZZAmHpZrA3iH5zx8frV 32OlwWuMpZ6b0aN2RZOeMS 4kbj5MwxO1bq9wjT5g9HaA 58jx3tTuDuzHysC77c0AQd 6gj08XDlv9Duc2fPOxUmVD 1fidCEsYlaVE3pHwKCvpFZ 5jE48hhRu8E6zBDPRSkEq7 6g1NlCpW7fgqDnWbCCDrHl 5edBgVtRD0fvWk140Sl21T 3yZQk5PC52CCmT4ZaTIKvv 1BwhFXqoIsePt21WyWIttb 5L95vS64rG1YMIFm1hLjyZ 7uoulrMQgFZFAIEpRPvewL 5mhUPDWQH3s544WCsa0r9w 756CJtQRFSxEx9jV4P9hpA 4Z1fbYp0HuxLBje4MOZcSD 2aFiaMXmWsM3Vj72F9ksBl 6ihL9TjfRjadfEePzXXyVF 7nqhFb3g7ZtzOEV2QwvyBI 3Jc0ABqhf9yMLn8bbAdmKX 5g7sDjBhZ4I3gcFIpkrLuI 0bjBsRPf86v7qyuQbq5SCG 3utsJdhRUrJA8avrOawi8D 39IX2P1yPA5opcTaHXLPlW 468jbp2UybC99Ic7MrTDji 1SD2UjPRag3gdqsB3adJA2 7GJClzimvMSghjcrKxuf1M 15DrrIod12Tc2IoMaHiwlQ 6nYD1UPZzBfnA9aL5TrWTc 1DirzC3jiBhwQ15rajeobq 6YUFByainM0IB52DNObY5t 4MflGTO2ZTcSQ12bWcyRgI 1CkvWZme3pRgbzaxZnTl5X 76N7FdzCI9OsiUnzJVLY2m 53Pgsvu3qSYO2aXt5J2vcL 6u0oHknFYrnUd42A6rvFly 5eqz8gTDU13s7x2DZKiQA9 
sarah,7ID2dydg1QFuWObmdhwzfm 0Dc7J9VPV4eOInoxUiZrsL 3pfXxHoydFRfD7IBGJTQAN 2CvOqDpQIMw69cCzWqr5yr 6Qyc6fS4DsZjB2mRW9DsQs 5XzmZjXhMjDHr7ZfJ6DELQ 7qiZfU4dY1lWllzX7mPBI3 53QF56cjZA9RTuuMZDrSA6 4KhanrenBxgyXYkFCArMyd 2ruFSNVfeUgYdbo1Nhm8PI 4356Typ82hUiFAynbLYbPn 0JXXNGljqupsJaZsgSbMZV 2aksifNn5ph8igDOkPBA02 6vSwxzO2Qf4BinHSXRwZJe 68Pux358EOhXmQqln37bj4 1PSBzsahR2AKwLJgx8ehBj 3CBWtVFHhxeaHVm4VverBG 5IZc3KIVFhjzJ0L2kiXzUl 6YdEfXtj0YI5IbiJqVyT1c 6jG2YzhxptolDzLHTGLt7S 5l3CML2OnzfNs5RfVgbcLt 4NpDZPwSXmL0cCTaJuVrCw 7L3YDa0Fd8pmzpAyu6EKOS 7yHEDfrJNd0zWOfXwydNH0 0WgQTMtmw8qJievyeqfnnS 3wtKovRRtvu6wbTjeKA26Q 6RSNKGdv3nDTHqgw4bdzyF 5JlH51YDYsGj2dyEJKKjcN 3RJclnBV8g9mvHPtSzPf7c 6rbhWExtuchhpLC5fHnB8n 14DYFbc6F1vPyoikkqPiAh 0CpQCN7nEz6tH6THwcJdzw 7Fmc99IknlgUuMWmk626kl 5hydb8abMsDWNefmuqDYeK 3nw9J97nUugT84SIJdjhAV 54tpNNGtfBBbeIrKxaaOp9 0nDjzA4kns1QOWPXuOn6Xw 1mr3SqpaUKSaV2gOyt6hgC 5W4vPDfwFNQqt7frRjL41t 4DZpzJhrt8SG22hsyruUB1 69NusnKhplV2lXHyPzG7Mu 76qB2ZEZlEJAMqMqUjKusp 3GoEoJYh6FrgPWC3wEZKp2 69hwHdKl4Y1HusAutt3W6q 3sckKKIx96cjPXtiqPHCTB 2Ju4c6LkBAzhYg5Spp5pWK 4K7dgGjZ0VxlsAOmhxIBXP 6p5GuyEqQH5pv02ouEyogQ 5dLvErR6RBbMMvGuDMdur2 3xMQOd1C3TXsjQ3pmzOmkC 
melancholy,31wS6gEaj89kOZhDw0xMNw 60ZGteAEtPCnGE6zevgUcd 3G9ETaH55bMQx8hwNhAgbU 5N1itNLaYtifU8YVbg9SBQ 16UCgrePMyBPrtnBaGd4nt 7bIpR4tyHFgGLkue8fPLjL 1cMn5OQ1WlkBnw1QyfSsHw 2XOBX2pmQc7yX4N8eQho6M 2dqRgUIrAX6Ptads6ttPDw 3tnC1ZyTZra63cuDlaQrXy 6m59IuDuKazbZWmvX5m955 3S5YYaggzXY5flLQpYHIm8 2WOjLF83vqjit2Zh4B69V3 0y5a9zXjz7NSEkRCPKNZwP 3cUxncrTWSA9lhlQbuIwUY 4qBHDoJFUUSvTa4aZJfEuw 31tcl0qFuCZshOkjv66lmX 4FGpzz2ciXUCya6sW5M7qf 0YN9jyGP06oWvK2CK3BlFl 1ltcsgH9qTWOB7MMwfvOeR 08cXy6KUizaAelYXtcew3w 3YDn3QgsE6zAGNicA8xDII 262ZAf5mTkUr3K3PuFNAPA 2O2DPPV5olB1UFqSGxUgUi 2LODsyU4f2CzIK6DI2wQAb 3MCC9ABe0V1QXTXWwtxjfa 25J4d78ESH2MgAJoIakB8O 3F4aWtvtuDxReBm6gck72F 6oI3Inlpzlik5e7cy4Sdi8 1cG560wZP0s6fs1nsEVtQw 3flMzIEQvIq9dmNd8LVYnK 6RFCBfneSaZoHPJ3wu3wT4 27563YEsBrtBctS2OKOOzp 2hYOD4PJP31Qg90ZP5HTTD 6h3MEuxUXYixkujpRVurCN 3mxbdRPqMWp8dwjBXnODkz 4AiBYR1E1iXr4TH7Gb9DBp 5wmRXK50YdwAXGvBzsAWH2 2mzUlG9dHLcSj2FiNvpEud 0vblqF5R4FyCAVBasjLGdu 7xRemq7GLu0Tbqe9OckG87 4tmwiN9YU7xMjh2hoqcVuI 5hLc6uy3KC7luF74TnHHgD 5ovcVaOus1Wv4vTtyGXlhB 7iSyaNhLcjwuO22QuRYHsM 1Z3WIkv1Vm828yRiltAvCa 4VmQrnNJNVW8n9UkjcITOy 7okuRvqeD4JOsysMWhQMsB 1PDb4YsIOlhheg43lKntOf 7IPASM3TwG5F2cr1QKpMRb 
yeet,7yyRTcZmCiyzzJlNzGC9Ol 2KpCpk6HjXXLb7nnXoXA5O 5CtI0qwDJkDQGwXD1H1cLb 7KXjTSCq5nL1LoYtL7XAwS 6gBFPUFcJLzWGx4lenP6h2 1yxgsra98r3qAtxqiGZPiX 2EEeOnHehOozLq4aS0n6SL 7GX5flRQZVHRAGd6B4TmDO 0VgkVdmE4gld66l8iyGjgx 6C7RJEIUDqKkJRZVWdkfkH 20LxTsa6936zOlzTWqoPVt 22L7bfCiAkJo5xGSQgmiIO 76Y0gxtTxN0FyDCYh5qYQj 76Y0gxtTxN0FyDCYh5qYQj 6HZILIRieu8S0iqY8kIKhj 0z5ZPs57J2KERwM1tBM2GF 20dP2DaMHIAmwWAbp7peSr 31G9RaSaDOI2NWcpnIp734 2gZUPNdnz5Y45eiGxpHGSc 4KW1lqgSr8TKrvBII0Brf8 2nBI3iWLhupR7LyAJ5GGkE 0BU7nIcCZxYSE0hYcc5oZz 1IAzD1muglOxOcPbUHs70R 4NTWZqvfQTlOMitlVn6tew 59J5nzL1KniFHnU120dQzt 4aWmUDTfIPGksMNLV2rQP2 6ScJMrlpiLfZUGtWp4QIVt 31Q9ZTF9x81BDonlObCbvP 1kMuU3TNQvHbqvXCWBodmP 7tGlzXJv6GD5e5qlu5YmDg 5IZc3KIVFhjzJ0L2kiXzUl 1cZlBZwnwGPtYeRIeQcoFh 55OdqrG8WLmsYyY1jijD9b 23SZWX2IaDnxmhFsSLvkG2 7yNK27ZTpHew0c55VvIJgm 4P7VFiaZb3xrXoqGwZXC3J 0h6sfKXFb641F2E13rY4f2 2eAZfqOm4EnOF9VvN50Tyc 1XRgIKC5TPwo7nWGyKqgG0 6mxyfdyF4LD7PctU3UNyjF 1B87ZDrD3Pno9hS4stamWO 5yJ0kIxrrYra3QexH58UVj 3WL6yCfh0zw2MxVSWSe0G1 6mLfR7fHVDcCKpLwGLWCWw 4vv1KjUzPwrtDbozizSfQc 6HfOzLLjsaXsehIFEsrxTk 3SSHDfvWdMPqRZBOX8YHYp 6AoYWCzsDls6c61Zp5qTuU 4hEl2wrneFEJbJ6SDYWd2f 30Zcjs7pgEkmJA1lEbGSWT 
running,6O6M7pJLABmfBRoGZMu76Y 69bp2EbF7Q2rqc5N3ylezZ 4tCtwWceOPWzenK2HAIJSb 17Fd6Yb7mSbinKG8LoWfFl 5afHIkEcVhCF1Z1CTqMUXB 2ZyuwVvV6Z3XJaXIFbspeE 7MmG8p0F9N3C4AXdK6o6Eb 32FX4D4eT8LFP07QvlhSn8 5T8EDUDqKcs6OSOwEsfqG7 0azC730Exh71aQlOt9Zj3y 5a7NdkF09AfD0H607eiOkX 5tf1VVWniHgryyumXyJM7w 4tg1G3X26wDTmQbipgxhp5 22qdjc5fSCIbhniasG7F6q 6Wytqpe4mfmyeT8s1xbczG 2aFiaMXmWsM3Vj72F9ksBl 5bcfWAHLoMfGBdbeyoMaH3 58jx3tTuDuzHysC77c0AQd 3aIhJDHxr1kgTSnutJxPTH 1rIKgCH4H52lrvDcz50hS8 4r4V1wYecTxSAAXV11cFPD 6M6Tk58pQvABy6ru66dY3d 6JV2JOEocMgcZxYSZelKcc 7gZQfdEQpmwAoPHSbEHzms 0tICYNayWWhH9GPeFrfjfD 6cREm4bV7V79Yxdilx9HDo 4qqArAiTPueDxIp7cf87h7 6h5QhAr40fSzDWMexvb8v7 6FE2iI43OZnszFLuLtvvmg 0dA2Mk56wEzDgegdC6R17g 4ehErMHPM40f92dks3vb2p 3R2bkLqP197fl3vKHpONrg 6W4GTXLYX8HkmZGmVkfrSC 5CgFGKdTn8R5dXGEPEX6Gm 0Ijedu3rsqq5LDWHozml03 3Bjr9MzHM7KHk6zq7KvJRN 4Tq6vGhVNFpkHc77IH7w4V 1dn1CQcTDnkmncHIKBaC6i 2CwpR24w47Gusfmv42SKdF 2l4EK2s8KlJP5DJPIjzP5W 5masKPHeAOVNgxdLebIcK7 4BfRDZLIiznSnwU7DdDL9N 4viUsO0ZnlZrVCM945K6on 1Wuwsq0BK4Abd7gRitOhXl 1SZ5EEmCQ03fRAHnFNYW8N 5Z3zRrMIJk7CVpfcLsM9wD 3NLnwwAQbbFKcEcV8hDItk 2IDHoSlbG0CKH9rhq68wTb 3t0h32ZYlUCXAn37IIIOaS 495O1Affo7AurEPQcvcr18 
good,6O6M7pJLABmfBRoGZMu76Y 69bp2EbF7Q2rqc5N3ylezZ 6WQLkih8nE0JdUCEyLaGnQ 7BKLCZ1jbUBVqRi2FVlTVw 12REd1n8PeiHHWOh066tpr 5afHIkEcVhCF1Z1CTqMUXB 2rizacJSyD9S1IQUxUxnsK 2CPqh63wRVscbceKcPxwvv 0QsvXIfqM0zZoerQfsI9lm 2XMTqoHHSH0lvuXrvIEdco 3DXncPQOG4VBw3QHh3S817 32FX4D4eT8LFP07QvlhSn8 4WjH9Bzt3kx7z8kl0awxh4 2ZyuwVvV6Z3XJaXIFbspeE 6cREm4bV7V79Yxdilx9HDo 2FiSTH0GYpIioUgjfzMIja 0lQ08hbjK1umHjCYvUrmCp 4tg1G3X26wDTmQbipgxhp5 3r7BL2MBMeE62aWj7TOh2a 6hmhG1b4LEyNuashVvuIAo 4CNXhhr5k0PXv99toGlA0X 4Y45aqo9QMa57rDsAJv40A 3U1TuSqHIubBA10cVP7Sk6 6vnDoUOHTiVB5DvX18tJon 6Wytqpe4mfmyeT8s1xbczG 6mzaCRuLTRiz1caGOum3zT 22qdjc5fSCIbhniasG7F6q 5Sf3GyLEAzJXxZ5mbCPXTu 1QVu5qhmbU3z15izsHWQAw 7tr2za8SQg2CI8EDgrdtNl 2HWWsTZxnLSUdFZ4gjsP5N 5bcfWAHLoMfGBdbeyoMaH3 66hayvUbTotekKU3H4ta1f 72jbDTw1piOOj770jWNeaG 0vbbhcA6okLzvsy6WSTlLg 0dA2Mk56wEzDgegdC6R17g 61iyAeMVUNu7vIVqedsBFB 7yHEDfrJNd0zWOfXwydNH0 3DmW6y7wTEYHJZlLo1r6XJ 5a7NdkF09AfD0H607eiOkX 0tICYNayWWhH9GPeFrfjfD 2H8LPaY3NSjmOFMH2Rygnz 1D3ODoXHBLpdxolZRHWV1j 6vSwxzO2Qf4BinHSXRwZJe 2prScmBSzS4uU06q76uyfT 30AK2kRrBrBL3yqglk7a8V 18KDpXD6e2UGRA5ORND1CU 3V0W5CfNDMiTKg93wuLFxJ 4KLd2mLVfbxSpTKDkh9iuQ 1gV0hgMNdpSWeW7ZjSUKnX 
vibe,6O6M7pJLABmfBRoGZMu76Y 69bp2EbF7Q2rqc5N3ylezZ 6WQLkih8nE0JdUCEyLaGnQ 7BKLCZ1jbUBVqRi2FVlTVw 4WjH9Bzt3kx7z8kl0awxh4 2CPqh63wRVscbceKcPxwvv 2rizacJSyD9S1IQUxUxnsK 3DXncPQOG4VBw3QHh3S817 3DmW6y7wTEYHJZlLo1r6XJ 5Sf3GyLEAzJXxZ5mbCPXTu 5a7NdkF09AfD0H607eiOkX 0vbbhcA6okLzvsy6WSTlLg 6Wytqpe4mfmyeT8s1xbczG 6cREm4bV7V79Yxdilx9HDo 66hayvUbTotekKU3H4ta1f 7yHEDfrJNd0zWOfXwydNH0 2HWWsTZxnLSUdFZ4gjsP5N 2FiSTH0GYpIioUgjfzMIja 3r7BL2MBMeE62aWj7TOh2a 6vnDoUOHTiVB5DvX18tJon 0tICYNayWWhH9GPeFrfjfD 1D3ODoXHBLpdxolZRHWV1j 72jbDTw1piOOj770jWNeaG 0dA2Mk56wEzDgegdC6R17g 7tr2za8SQg2CI8EDgrdtNl 6cMswWRv4lAU3mh5lclgCc 3V0W5CfNDMiTKg93wuLFxJ 1LQlJNtXs3IhDYXpaUAqrQ 7wTLMUsnvEKxQmPxx4l4ec 6YUUQapDEqBF1yP3iHlsut 77W6VUoJdasCQgjc5DW19q 2I3q8GEOXKu6tVPTdpSngV 19RevBdb9MKUaBIvxSbGd4 1S3KcfF8taTlNT8pRy2YzO 3pzjHKrQSvXGHQ98dx18HI 3mIf8Zk2cy7ITwvvNkC0l2 6O8I0ffpEtyMQmMYo0bj4N 4uOEvM5nPxgdfk96D6IWOF 09mhA1SJjMHniZPF4Hcihn 1T3iEhgmmfzLOs6sZzBlNU 2qIWuOrAN2aGyAnh6K5nxe 4HzI9Nb85FESn9V4cVn6iL 2prScmBSzS4uU06q76uyfT 1z15fhSgN6U2k4gqA1Zu4j 06SsjIlx6lb7CT8LS6MgbR 1HHgxt9q8PFc4oaJUuiovg 4LInPGD3DXBoJj0g0UGXir 7EvIMAbhkHXcV8rHbOyNzh 7nD9nN3jord9wWcfW3Gkcm 0CNjoQozZP0mB9rKVdrKGx 
hit,3pfXxHoydFRfD7IBGJTQAN 12REd1n8PeiHHWOh066tpr 4WjH9Bzt3kx7z8kl0awxh4 378iszndTZAR4dH8kwsLC6 70tFuqBcduJv15bEnOPRTh 0Y0TOsE1q11qgbi7c5WZsG 5maiP9UMnTSgoxPX8X3bdz 26rdOwwjC2UnweK3xeS58u 67awxiNHNyjMXhVgsHuIrs 608a1wIsSd5KzMEqm1O7w3 7G0PgkkbavF7Rh4zNrUxH0 2n5gVJ9fzeX2SSWlLQuyS9 1LxKKYsJNPeBdOwdudsJzv 3CRDbSIZ4r5MsZ0YwxuEkn 27GmP9AWRs744SzKcpJsTZ 5G2oBm45yLpiJ59sRAuRLt 52JyHLUiugFECIYBWM2qdh 43PuMrRfbyyuz4QpZ3oAwN 20IZ0jYjnFO0NxyiaRsJwb 5suEtW2DUAfvroohjzgatb 4jTiyLlOJVJj3mCr7yfPQD 2NBQmPrOEEjA8VbeWOQGxO 4R30C14VKLnlwRSnErf8q2 4R30C14VKLnlwRSnErf8q2 112lQZi5e7i8ohZ4z0e6nu 3DGG8PpaMutQSwRX2H2DBc 3rMyMv8EjKXoPnaRo2hdJN 4ImL3v98u2BLkwnyQDjfRm 6mavtNxMc35XwKg9POUemZ 3anp5nvmUKwMBEIEL1sPHR 1GPWHf45DwSziB91p9Phbm 53Y0kdCa1CZ9gRqEuknfwy 1zaaaGPDU60KYY60M4JVl2 73AElRO42LtQlBId3tA2Oh 4hrae8atte6cRlSC9a7VCO 33JcUj9qQDayKswunZP9ar 5u8a36gfNB7YSAi5M30a9G 07RXBKfyCYIYRMLCvlGWXU 6lgzJuBX3iqevLdtgNlyAU 4uDM0l0DqKTlrys22x2kpz 5NOH1b1GanDHuc4pwhoPR1 4rvtlpAeDuOn4baUJPCEhy 76sWab9iC3vvk21aln8G8t 6A6am7JK6SNzIKOGlU53sw 1M919GYWDcWoGzhf4i2jYg 6EC5hHjYlwVmj8cpjSjJWA 5WNhw7uy4c9Nn7uIbbiuDo 1nMj4Sw1Vik5mkFZ4dpStn 0wpYoahTjbbM3gFwQWRBfL 4E3afPSY5fUEelQS9ppL0e 
tb,0XUfyU2QviPAs6bxSpXYG4 6UaRii9AH6Zss9xNMEQ2M9 3pfXxHoydFRfD7IBGJTQAN 0WqIKmW4BTrj3eJFmnCKMv 70cTMpcgWMcR18t9MRJFjB 2gam98EZKrF9XuOkU13ApN 0O45fw2L5vsWpdsOdXwNAR 7d1CFwrBmH34gmS0Hkbfbt 6rbeWjEavBHvX2kr6lSogS 39afswHs17v53znQm1gDTY 5VGlqQANWDKJFl0MBG3sg2 1AWQoqb9bSvzTjaLralEkT 6Qyc6fS4DsZjB2mRW9DsQs 4E5P1XyAFtrjpiIxkydly4 2oENJa1T33GJ0w8dC167G4 5dNfHmqgr128gMY2tc5CeJ 4Ow5x7P5NAAR1jPoskudoA 1CdkNxTlkUWR4ZnXcKES3b 67T6l4q3zVjC5nZZPXByU8 2nbClS09zsIAqNkshg6jnp 7hhAwcMTdCHxuYkCHCfzw7 5i66xrvSh1MjjyDd6zcwgj 24nRdDUUIdM2mv1YdwMdu6 6I9VzXrHxO9rA9A5euc8Ak 557un1HgwYMuqfWGSTmnxw 2i0AUcEnsDm3dsqLrFWUCq 4gFXY5yvHayGckJndafYQE 1hGy2eLcmC8eKx7qr1tOqx 4fINc8dnfcz7AdhFYVA4i7 5BoIP8Eha5hwmRVURkC2Us 7uKcScNXuO3MWw6LowBjW1 3iL2l5gUqyPS6vDwJFgJTR 4lLtanYk6tkMvooU0tWzG8 1V2D3l085S3fQsVR7aYgQx 3Q4WeJmzxuDpzMu9QjQqbM 7wZUrN8oemZfsEd1CGkbXE 2dEJE18eoskLm4bjSW6kmY 2tP7ZekzXfduShx8C6cbll 1l6M9DOVGGgamNxexwr7Gx 2aBxt229cbLDOvtL7Xbb9x 4S5b3wwIXpVNvY2jeIQdKu 26eOTllWPn7oKuDUJnsJwF 4RCWB3V8V0dignt99LZ8vH 1NpW5kyvO4XrNJ3rnfcNy3 1XGmzt0PVuFgQYYnV2It7A 0KQx6HOpJueiSkztcS0r7D 1Oi2zpmL81Q0yScF1zxaC0 6LGwYMXXgURfaequXipzHx 00BuKLSAFkaEkaVAgIMbeA 3l3xTXsUXeWlkPqzMs7mPD 
country,3XKbdb9GB6u3hsnUklQTav 1tpLxOKuAaRCViAxf2pgNr 03fT3OHB9KyMtGMt2zwqCT 3b7CDTKB0SRTmQ6ytYi5vZ 6jsvHrnb4TFp9X4Samx3jD 3cE5ltZFHmBpiS77itKaOM 5HGibWoxnkYSkl6mHmAlOE 68iwafs32FXpAIDWqU8wdU 0i5el041vd6nxrGEU8QRxy 6oBWomqWwisfkdCeCZYD7V 5nWgEBtaRwVrCMjer1RtLm 6aNwDe5YH5YUPlpHkku52w 2ruFSNVfeUgYdbo1Nhm8PI 4lnnde7PnrXR3pUzQKBe6X 1qwnPVOIJjAFfCc40Etb1D 1WzAeadSKJhqykZFbJNmQv 3pkzJjJXfdDjhpXx639MIH 7ebCto1KdVyXp3kl3kWVS8 5K7AMlpc4796JRWXb26nCV 7vvqXzT1P7XlRZNWOHYgLk 0yD66650JxhqKbW76C2qCo 79Fdz2IcUMGzdcLWUvtELs 2k6ahrUpg8CbeTjLocMQJ4 3NJn7p1nrI3R8alivEMPwB 4l8u5h7OjkZo2UmyUoeKYJ 7kB1UXxStzSa78NdiexiIS 0RFgvrhkf9FiDRLA0BhzpZ 5kjyiH6but1t2UDXq15aeS 1dgWTMoHwTUnQhOQ8SR5fV 0p1BcEcYVO3uk4KDf3gzkY 7GQjJEwqlp6m5HNWVQd6OR 6GBUsjHfZuweYf5lQEz6mP 1qC0pi9ZH47XDjvaNbg8ch 07KYRDFf8Q6sqj4PWCP9vh 4o8STNAL91xc7EvuvqSKk1 5dNGORzxFb5z3v7vSAFkTU 7G6l2FtQyRhQgYgut2I6i8 3Gp21NPL5JFecuQhQBEKxa 2TR7A4ulH9R1PNwMyd8o8U 1Lh8n5owE0h0hgqWfqtvuD 7B1QliUMZv7gSTUGAfMRRD 0nCU6JTonBdrIKpxErujKu 1VuFPJ1EI9mtc6FmK3RMFL 3hUL1sPjrLFXS6mUfEDs2Q 1M1HscO3JywTvswsVx1GcI 5AITuS8QzCZ9d7kdEXCJkd 69XcvSymPaTke2Qb6f3W6P 1jNNHFZmRGXZFHlil5uhei 6enPOmd3vSFpI4jjms8kXN 19PJ75UGKjpBo0muDNyxPW 
2020,7yyRTcZmCiyzzJlNzGC9Ol 6O6M7pJLABmfBRoGZMu76Y 5aAx2yezTd8zXrkmtKl66Z 6C7RJEIUDqKkJRZVWdkfkH 2y4lAQpi5VTNLu2ldeTdUH 0PJIbOdMs3bd5AT8liULMQ 2gZUPNdnz5Y45eiGxpHGSc 2rizacJSyD9S1IQUxUxnsK 4dASQiO1Eoo3RJvt74FtXB 2XMTqoHHSH0lvuXrvIEdco 2CPqh63wRVscbceKcPxwvv 78rIJddV4X0HkNAInEcYde 2ZyuwVvV6Z3XJaXIFbspeE 7qiZfU4dY1lWllzX7mPBI3 6vnDoUOHTiVB5DvX18tJon 04DwTuZ2VBdJCCC5TROn7L 5uCax9HTNlzGybIStD3vDh 4qqArAiTPueDxIp7cf87h7 4nMlau89VAjmV7agkl7OY3 6F609ICg9Spjrw1epsAnpa 0lmdsH1MIoLsMymnNpd6HU 1D3ODoXHBLpdxolZRHWV1j 3r7BL2MBMeE62aWj7TOh2a 2aksifNn5ph8igDOkPBA02 3U1TuSqHIubBA10cVP7Sk6 4pdPtRcBmOSQDlJ3Fk945m 1PSBzsahR2AKwLJgx8ehBj 6h5QhAr40fSzDWMexvb8v7 1oQZk2bKBLgP1cbuFKvjkq 61iyAeMVUNu7vIVqedsBFB 7gZQfdEQpmwAoPHSbEHzms 6jG2YzhxptolDzLHTGLt7S 0nnRUsgfm4uQUYTCIH9NZy 0zVMzJ37VQNFUNvdxxat2E 6str6hBCPSjfhSIS4qscDJ 4pLwZjInHj3SimIyN9SnOz 6bLopGnirdrilrpdVB6Um1 7C2kIGrflgP2RKqMuf9GJR 2QbFClFyhMMtiurUjuQlAe 7yCqehT9dKACTFy7YugP0J 0OwX5aROoW1Iip8FV51Efg 3b0EOvScbZUc0qJx0E1L2z 7DfFc7a6Rwfi3YQMRbDMau 1z6WtY7X4HQJvzxC4UgkSf 7xTLnckSo3ScfRdH5gGw0M 4gHSezW5CHZCvjAUjF2pd5 60lwJa695S26FsYbhCVFVa 5bZtRlMBU76vHuDOb1GM5u 3AsAuGTaDQzavZZThyYlop 0F1Rc18rZcJOALxIIQPTYd 
angst,7o2CTH4ctstm8TNelqjb51 6GIrIt2M39wEGwjCQjGChX 3mNecsYFb6LQg7822DPXCP 1AhDOtG9vPSOmsWgNW0BEY 5T8EDUDqKcs6OSOwEsfqG7 12qZHAeOyTf93YAWvGDTat 5VGlqQANWDKJFl0MBG3sg2 5lDriBxJd22IhOH9zTcFrV 5oQcOu1omDykbIPSdSQQNJ 6RcQOut9fWL6FSqeIr5M1r 4omisSlTk6Dsq2iQD7MA07 3mcG2NI5G5vhrQtRda1YnA 33iv3wnGMrrDugd7GBso1z 42et6fnHCw1HIPSrdPprMl 6L89mwZXSOwYl76YXfX13s 6Gn02ZC8juXwQ10Xk7ACXx 4YPhn26bIFm2KUkL1VLzQG 4GiVcDqNQI0fc0yYuRGH9m 4IoYz8XqqdowINzfRrFnhi 1a1i2IwXnUN0PjllVEhA4B 5K7AMlpc4796JRWXb26nCV 5mhUPDWQH3s544WCsa0r9w 5EWPGh7jbTNO2wakv8LjUI 4CJVkjo5WpmUAKp3R44LNb 40riOy7x9W7GXjyGp4pjAv 3zByVQLvdXUaDTubfWkpCk 3YBZIN3rekqsKxbJc9FZko 0c1gHntWjKD7QShC8s99sq 1fDsrQ23eTAVFElUMaf38X 5V3mdRI2yQxbSsJGDPc5lD 11Tm0hw3DDF1gqU0kSEwiC 7MeXwzhSDGfqNfuFANgzVC 28cnXtME493VX9NOw9cIUh 5gBQ3x6u7DCvMW1QoP3CpG 0mUyMawtxj1CJ76kn9gIZK 2l57cfmCnOkwNX1tky02n1 3SqOC9IRDYGSq9cH6K2GQI 0MsrWnxQZxPAcov7c74sSo 68pN2UQYhwQgPy7VrCFKuV 0OJXdyyVL8K6aovPgfqCcN 46SFeuNs1K5D76D9vCwFuR 1FMHNVeJ9s1x1l1WlaRs2I 1N62wozuHCvczCkY4QidpP 1hIupFeRu3nmMcjbjxPnMc 1S30kHvkkdMkcuCTGSgS41 2IiNA0s5eQBSjwK4iNeUvW 7HGTkn2aX7MNdKs7nV2xBt 5jzX4dWVQeBTtfBaXnMRt5 3k2Zv2luPZHpxfFjGpr4Mm 2MLHyLy5z5l5YRp7momlgw 
sb,2d8JP84HNLKhmd6IYOoupQ 7ID2dydg1QFuWObmdhwzfm 0WqIKmW4BTrj3eJFmnCKMv 494OU6M7NOf4ICYb4zWCf5 5XzmZjXhMjDHr7ZfJ6DELQ 26rdOwwjC2UnweK3xeS58u 3W3KtDwAIg3mAruSpnfG3Q 2PpruBYCo4H7WOBJ7Q2EwM 0O45fw2L5vsWpdsOdXwNAR 5b88tNINg4Q4nrRbrCXUmg 03fT3OHB9KyMtGMt2zwqCT 68iwafs32FXpAIDWqU8wdU 5HGibWoxnkYSkl6mHmAlOE 03fT3OHB9KyMtGMt2zwqCT 3b7CDTKB0SRTmQ6ytYi5vZ 0pn6qyOJYNwP9nhGg3L7dV 5OMwQFBcte0aWFJFqrr5oj 1X2Zd5wKGbY1oKzb8dzJRy 62LHRv9uwSNlBmByQF5jdE 7bJwvubZZaoGE1AGEfu8Fi 2Moa5MbVbUNISjmpYqm0DO 1qwnPVOIJjAFfCc40Etb1D 5dNGORzxFb5z3v7vSAFkTU 6aNwDe5YH5YUPlpHkku52w 1yEwEiTpsaPhQi9lb5EVV4 3OMpIoONQH8rSscaZLozFQ 0yD66650JxhqKbW76C2qCo 2Moa5MbVbUNISjmpYqm0DO 4onY9xh40OE5wIecwjUinG 4onY9xh40OE5wIecwjUinG 1SfoXU9q0EZtlgSLlrYBju 4bk78jvK8Fe9YHqruOJW0v 6jBCehpNMkwFVF3dz4nLIW 2U8NXPTXZWG2O0ye2sYRiH 7vWGeYZJUzBXKGPro05UXS 454JIJlQ8GvrCoBvSfq3KA 2krJlC7MXXpOdPipgc0TaS 5zGqTc1WQUe8XqqdnrpKTV 3vsKVgsF2Ax03wXt3J5EqU 2oY4oo9g0SJggxwnzNlmd1 61voPX1C71rhwynuLQyajo 5XL2CPUxi8fpP1VKXfKFCQ 1iUT3KwruTC7SkS0bgbxF5 4gTyrZ0cv1J5YZgNQiNyN4 24URIm6Vu2f8TmXBziI8z8 16PJadRYY8rskHeGRODw3N 2T1KIjk0jblquN5EI8lsJK 2HiXyVv2tfjIGJh02brVDY 7mu21H4g5sGUX7n3tGsGig 0qlAsHgcSXHw66XjBVrzli 
ski,4aX4Oycsk1fhHIee1zqsDe 2y4lAQpi5VTNLu2ldeTdUH 4VrWlk8IQxevMvERoX08iC 3AYcyxEACnmE6d96RPubID 7w87IxuO7BDcJ3YUqCyMTT 0Rz1KXsP4bhGxs0ffySSSn 3W3KtDwAIg3mAruSpnfG3Q 0Puj4YlTm6xNzDDADXHMI9 756CJtQRFSxEx9jV4P9hpA 4dyx5SzxPPaD8xQIid5Wjj 1IAzD1muglOxOcPbUHs70R 4y1LsJpmMti1PfRQV9AWWe 7bmqcI1HQwx1PWwYyZO0lg 1Tt4sE4pXi57mTD1GCzsqm 2KmEgiY8fQs0G6WNxtzQKr 44AL9Xok81qGEOZdPQpUnM 4589wtRhDebcQsRJtAqTl7 3Ti0GdlrotgwsAVBBugv0I 4pdLZsxq0y5oJDb6Cxlokw 39GBFwBe4GGk7i3yr3F46P 7Guni9Kv4cxajoglZLzfuN 50M2QjfSM82wkJ1d0iV4mh 6bNYtDM3Sd7yGvQxUS4OHi 4MbV8zrWudQflnbiIzp29t 0YPDp1KIxVLTdh3vnvk6wd 1UqhkbzB1kuFwt2iy4h29Q 4wCmqSrbyCgxEXROQE6vtV 7Gdn9GjADywM5Ob1zLALRn 4r4AAFolvvuCzR8rtAxRFB 4Uiw0Sl9yskBaC6P4DcdVD 0IZdiAk1gNE12prykx0VLr 4xVLwCjKY9FzseFCRwv51D 3iBiWBobkt8MztRwckHpUV 7icROppj4Z12Nr0xGgxWFJ 3WibbMr6canxRJXhNtAvLU 6QWpolEawxnSNfYOmYFG0M 5lsO1etcKmlpzIpM4W5Cii 162RenBkQcDAw7dSkgC5cK 3urJUvRhgMrwydaTQFVEg9 3VhBuvzzuGUuh7nyJJvGLk 2mFnxVS2wZpqntPzZB17O1 0UWXKM7v6JzfmSTLFqYmiN 6UoKqela28TiSVxgBpuCCH 0r78QX3oN8dxo2l3H9118r 6JPZBH5Xrn4VZgL34QGEg7 7mMtLgGAqsXB84sf57UMUw 3m8i9k7CT6Fq8eAUGlfN7p 1H4zQgs9Ka9ZBWwN1t5OUQ 1ng36571Iyov4HBxUClySn 6V2D8Lls36APk0THDjBDfE 
ashley,2XMTqoHHSH0lvuXrvIEdco 78rIJddV4X0HkNAInEcYde 2H8LPaY3NSjmOFMH2Rygnz 1QVu5qhmbU3z15izsHWQAw 4FjPJhlEIWB9QVKFTc78Nn 6OSHX9crNhhxijCcMP44NT 0C8ta4z7gePqOvKTfSlsCg 5rZkM9uY8PjoUiBXmdqmPo 3ezdkFIEPhIKpe2GsnmBo7 42C6atIUS2Dpye6Rwc8rIv 2ZdEnGD5shhENZw4wQKBRh 6n5IgnWSdW44vQpxuaiQ77 0wfiSLAkdape2Tcw5TGZ0c 5ev0Z2lFzmhjlQCWpRAWiG 08izEVjMLhn8TtO7huHUhd 1jOX0VStcWZpn8gAdoQVn3 5QJJrDazO1QNAfQaFUeTWN 3HT8HCYGYXaAUH6SKNBaS0 0qEDwhP24yWtUlBGUjY9ss 6fhWH0doyn7cSOgjgsuLPh 126qALuPrF4VnKNnlP5zNK 7FwUBR93O0aSvXltMM73e7 6wdyNTa40ZIPSMKcEWgPRv 5kd9mURByDpcPpTI4sTzic 67ornPeJsD8z78E4isjhzm 4pqQHdgkbObxBIvSczOXcP 55nF5Tqgf0UCXH1jymBzeT 2drECtvbxYpGnvNIWL0c0B 0bRXBPQ4uL0N3aGV8SVIk7 2awLlJw36MbKcgFnFWC7w5 2PWKdiDjYkkOdInPxGrP51 6c579TvmkyzIyamRCKKEV0 2Ima72UXnfvR539afL3SAF 2aE5Nih0DGEVWhA9BVsiua 05KeRMxuutPAe5JOVlzZi3 40ZZYF9I8cGHEuT1h9Gw37 4rpZkb3Tp1xBAHK4jaszLZ 3MFaRVxcPCa9mbXoPiZZXF 7qtX448rtlP2tJf1HfSJ6K 5QUEfVhkdt6uCQscyf1EhS 30TbluwARiE9gVCeIHwnzX 3ebXMykcMXOcLeJ9xZ17XH 7bbYT48HWWIbL3YKmtMNzn 0pLZGVs7apcMzXZoLr8rph 46kWNuCY5yxEVP2NocgFqQ 5HqpTLBs9TbMPlUb5MMO60 15C63f5hLvndxPEVZ1wHxZ 46rdFmDb1n6QYysGhyg80w 5clYhUpqYzy0Fdz3TdtZ3j 18DjMlzOhoG3hLgtn2kdhf 
random,1zZcEoMG3ZEUU6hEPyPXh5 3C3cr2JQwXIhqAHqOardVO 5cbpoIu3YjoOwbBDGUEp3P 6vTtMyCg96xwpoIBws9K0Q 26ZTwQyRVbec9wQ0OaihjE 6KiIA9uXsAunLmj3nXywlz 1OHRYwKD2HWGctgoE5MH8i 2d6FWG7p4SRXNvrtNcHpTx 7H8fBamGUheu0DSpp3pj03 1drUAdX3NY4dTieuxdedLY 0PjcbPYUcBKSZZRypshlM0 1DDEOszvliLLv80PQzGF69 3498wF96LsgVgMkGmJzJOC 0UPsdEgJx6ypkfFUxD3ZHh 3tj5523lMxVh6TjcAb1tdS 1LJSniVKf2cSGY3LT1oqyk 6MMojjMFcyv3btdSXFGeYc 26F51CgKdPRkO8p3MrH2mB 5vEE1d5gkv3pgfZyppLeX8 6qOwmc4uXXMmZY2D5XOaBJ 5FH0pGKry3eL56IHjEgjPm 2srXki5OlGlWNWlSTr5GMr 33Mn0S8di6wwpiqdyEtONv 4V7qsMQofyrOYszxNROzmA 2CSaHRxOAygvSO9ZiPdNQ9 5hboATPvHPDXXZUcpXZ2F5 3Syf0kxjnTabaQpNol7D7G 0bEAqcYuBxpXgdfEqHErn5 2UQ6qQ7GOawkJ38rWtatn4 2YhapA5E1qTZ1Ykw9Y86ql 59JXnQ3QCfMX572aDTYd46 3PcHMRujdjxB7hkDFCzPm1 6njiHRz1WOJEdNOODyfRVr 1SpgA0UOcZ6OrGHnIbiFSx 7KjshuVvYwFlunnMSPSTrM 0rjO7Gbz4PTbj08FdLPzSU 4XFYnfBxhRtVvR2hllhqup 46229uDbjzfzq0jawwawcp 1JkgPYwPNnAssXLVCP9km9 71umcNuUm2Edj0dTmTh2WU 4RdRa3qq0GBSKjomxrkh5K 70Cp0ukCMyWeJML77NGERU 5Fli1xRi01bvCjsZvKWro0 2UyWClHKt6fut3IpS2tJiR 3G6hD9B2ZHOsgf4WfNu7X1 3sO9MnNDvbdTGNOomTo6hY 4ebz0AQonOk427qxoDAHyH 6wFRECZKgARNA9xYyHpxuV 4sCYKMatyhazyy6r2N7Hp2 4P6n0udLAnmCNXVcobYbsK 
tune,1zZcEoMG3ZEUU6hEPyPXh5 3C3cr2JQwXIhqAHqOardVO 5cbpoIu3YjoOwbBDGUEp3P 6vTtMyCg96xwpoIBws9K0Q 26ZTwQyRVbec9wQ0OaihjE 6KiIA9uXsAunLmj3nXywlz 1OHRYwKD2HWGctgoE5MH8i 2d6FWG7p4SRXNvrtNcHpTx 7H8fBamGUheu0DSpp3pj03 1drUAdX3NY4dTieuxdedLY 0PjcbPYUcBKSZZRypshlM0 1DDEOszvliLLv80PQzGF69 3498wF96LsgVgMkGmJzJOC 0UPsdEgJx6ypkfFUxD3ZHh 3tj5523lMxVh6TjcAb1tdS 1LJSniVKf2cSGY3LT1oqyk 6MMojjMFcyv3btdSXFGeYc 26F51CgKdPRkO8p3MrH2mB 5vEE1d5gkv3pgfZyppLeX8 6qOwmc4uXXMmZY2D5XOaBJ 5FH0pGKry3eL56IHjEgjPm 2srXki5OlGlWNWlSTr5GMr 33Mn0S8di6wwpiqdyEtONv 4V7qsMQofyrOYszxNROzmA 2CSaHRxOAygvSO9ZiPdNQ9 5hboATPvHPDXXZUcpXZ2F5 3Syf0kxjnTabaQpNol7D7G 0bEAqcYuBxpXgdfEqHErn5 2UQ6qQ7GOawkJ38rWtatn4 2YhapA5E1qTZ1Ykw9Y86ql 59JXnQ3QCfMX572aDTYd46 3PcHMRujdjxB7hkDFCzPm1 6njiHRz1WOJEdNOODyfRVr 1SpgA0UOcZ6OrGHnIbiFSx 7KjshuVvYwFlunnMSPSTrM 0rjO7Gbz4PTbj08FdLPzSU 4XFYnfBxhRtVvR2hllhqup 46229uDbjzfzq0jawwawcp 1JkgPYwPNnAssXLVCP9km9 71umcNuUm2Edj0dTmTh2WU 4RdRa3qq0GBSKjomxrkh5K 70Cp0ukCMyWeJML77NGERU 5Fli1xRi01bvCjsZvKWro0 2UyWClHKt6fut3IpS2tJiR 3G6hD9B2ZHOsgf4WfNu7X1 3sO9MnNDvbdTGNOomTo6hY 4ebz0AQonOk427qxoDAHyH 6wFRECZKgARNA9xYyHpxuV 4sCYKMatyhazyy6r2N7Hp2 4P6n0udLAnmCNXVcobYbsK 
chill,17Fd6Yb7mSbinKG8LoWfFl 7129iqBafaphfc3WPCGC0L 7BKLCZ1jbUBVqRi2FVlTVw 3hB5DgAiMAQ4DzYbsMq1IT 1Slwb6dOYkBlWal1PGtnNg 1VdZ0vKfR5jneCmWIUAMxK 2CPqh63wRVscbceKcPxwvv 0PDUDa38GO8lMxLCRc4lL1 2YlZnw2ikdb837oKMKjBkW 6Wt5QBzHp9vdSLAFlvdnDQ 0JXXNGljqupsJaZsgSbMZV 6fxVffaTuwjgEk5h9QyRjy 4IoYz8XqqdowINzfRrFnhi 1CdkNxTlkUWR4ZnXcKES3b 7DFnq8FYhHMCylykf6ZCxA 6DNtNfH8hXkqOX1sjqmI7p 22iOO39QpOuEE9Igz2PxyG 2YEr07055St40kz0aUfm4f 4DLZpekzmIm1fSO0IPEk3R 04x6DpeFQ72efXsD0DmWPQ 3kwqNLXvsjSrIXbVsRBj8q 4JY5s40ymnG18f6wxQtzPw 1KlVJebZrrMSMxcEKOV5w5 6W2tmkeuHKaedHhdTPnyVs 0N8PEQ33Ba841py3SEV0Wp 6C07AiFdxKqUPbv92K4CG7 2wGf8JbSGQB4XfZTJkEJPY 1XACy3ciknn4TIwWdoTeJx 6Uq8BnOxvXJsQiJ2XqfO5P 7G7ao6iFuNIn2k9cZhO5lP 4hYHaROtjB6YREh6AgW3fd 14YooSSTGCikWjqD0e5r4j 5wliwpm3bkFQ7Z8l3lLTwf 4sLlPACKA3OTNcJryGgWKR 4ofmSKnAYj295dE0klRGQx 32nainF4TXsMpuFOGCkzzM 0ZJecVwpRY2TKi3j2kkwXR 632VyMrvhsHIsO4zq9khts 53WV5mAY2opmFC0r0LjRdM 1J59cbPdIwiUMtX1ee7NwM 3D0vHU0QeUsLfJk9qP0Nje 3mTmGzRwgPPqLSi7Smvkxt 7qOp7uoBitD281yF5PxWAy 6D6tjxdEoUKm2gpuPMZW6M 0s4jjt2KLI64rHZyLIT9gr 6KAw9NEvkVlIhg5T0G97M8 2ryAcZJz8x9LGqCKEKsHng 5xV0Czdqefft6sPDqjmFBu 2xRYnHQdLD9ketvC01UYYT 0F02KChKwbcQ3tk4q1YxLH 
rap,4aX4Oycsk1fhHIee1zqsDe 22L7bfCiAkJo5xGSQgmiIO 5XJJdNPkwmbUwE79gv0NxK 20LxTsa6936zOlzTWqoPVt 2qOm7ukLyHUXWyR4ZWLwxA 6UaRii9AH6Zss9xNMEQ2M9 3yfqSUWxFvZELEM4PmlwIR 70tFuqBcduJv15bEnOPRTh 2g8HN35AnVGIk7B8yMucww 0LWQWOFoz5GJLqcHk1fRO2 6ltPEsP4edATzvinHOzvk2 0z5ZPs57J2KERwM1tBM2GF 0O45fw2L5vsWpdsOdXwNAR 7iL6o9tox1zgHpKUfh9vuC 6LxSe8YmdPxy095Ux6znaQ 4Kz4RdRCceaA9VgTqBhBfa 4P6BuLsqtg5uISdE77ypI9 7lQWRAjyhTpCWFC0jmclT4 4INDiWSKvqSKDEu7mh8HFz 52JyHLUiugFECIYBWM2qdh 1kMuU3TNQvHbqvXCWBodmP 7KwZNVEaqikRSBSpyhXK2j 608a1wIsSd5KzMEqm1O7w3 4P7VFiaZb3xrXoqGwZXC3J 2NBQmPrOEEjA8VbeWOQGxO 4qikXelSRKvoCqFcHLB2H2 6v2eEC9Nr9POe5xPUm8361 1yGSAsMRNGW8AI98cWCLk5 2IUylG1WDsYWbMwH3HKuQo 61LtVmmkGr8P9I2tSPvdpf 6aGNg25mRJdqd318f9X6Wn 27AHAtAirQapVldIm4c9ZX 4gFXY5yvHayGckJndafYQE 3e21cX0CVwzkQXiHz7WUQZ 5ujh1I7NZH5agbwf7Hp8Hc 5iSEsR6NKjlC9SrIJkyL3k 7w9bgPAmPTtrkt2v16QWvQ 03tqyYWC9Um2ZqU0ZN849H 1JClFT74TYSXlzpagbmj0S 0svl7cK07gK1ia5ainczU5 7H6JZrURGevn8TxNSRbgDt 0HOqINudNgQFpg1le5Hnqe 0h6sfKXFb641F2E13rY4f2 0R8zDxhP2LaqQTeByPDWiS 6MreoQf8oixWI2xRcw3Fv1 6ScJMrlpiLfZUGtWp4QIVt 0qcjuYtMWhBjXg0Xwt5SzS 2ikizHdvajtNX79LUsVagh 49rnuaQOpoTeKe0PA5nKdo 4IYKjN1DrYzxKXt0umJqsG 
florida,3cE5ltZFHmBpiS77itKaOM 2Z2vOukzwOgqR4dkymRSWd 5nkYHBWXu7KCgcdwP6jcB1 12qZHAeOyTf93YAWvGDTat 07KYRDFf8Q6sqj4PWCP9vh 1M1HscO3JywTvswsVx1GcI 1dgWTMoHwTUnQhOQ8SR5fV 1Lh8n5owE0h0hgqWfqtvuD 1yEwEiTpsaPhQi9lb5EVV4 5kjyiH6but1t2UDXq15aeS 6M5cQCyieE1Q8YQydVLzxL 61dXuN3VyqGOyOeMfJXIPh 6gOirCUz62z0mFhCJ6P5KC 1vYew137WJ69SFp9oez3xm 0BgbobvykXxEvxo2HhCuvM 2iXdwVdzA0KrI2Q0iZNJbX 5wTMQjEx9LWeFwLjolPCUy 4EEjMyQub6tgFVshlM9j1M 6VeZ970uI0Yi6sjBgyFBrp 4X6qvY7lDpNxq9QokS5F0u 5Yi6mwvMHnnh241uGjcJYy 6ac6RlvEhiFraIxBYHhg1j 13JngJc6J0ykO7Pq0gin35 6LyE8gxq8Hq7AGeOvLbGMv 5pgmgHNxiq9w9XuthMKzJS 5ZUDwKhUfJrlY8eo85XHPb 1FnItzXv96rXVILRuDfedz 3bYYrC2lo0krPYuESCyfUe 050iNgNKEUrJboOnH4Jhm6 3X67nUl5Nei420ZEz8cFAu 6wfTb2he5ANMQSFnlamnyi 0hlou0hEfL2aS9FpJMX2OW 4zNuxrIo8iRc1CrcDohZq2 2mKsPUojh602HvSeNt04CB 4OsZ1vrenrtSbqLJxOceKl 4efoEY8iDBzUqitjmNDhpN 3keHHh3utgz7cXfV7mVtsd 1QQfbfMfyzNZhT5fg3RpuS 3HU4vFJPelZfj0xyJDVALk 5IMtdHjJ1OtkxbGe4zfUxQ 73lYI49LhfsscO33ohrGN0 5jkxC8SIZJ4qqusxRPVS5s 08ZoUUKj54w1EFmySoA1M2 1dnXuEuApvuVqQCn0v9McL 0IgiOjaYaCEEXuD6qY69a5 0wz1LjDb9ZNEYwOmDJ3Q4b 5t9KYe0Fhd5cW6UYT4qP8f 2Gy7qnDwt8Z3MNxqat4CsK 1AJ5F0FMTC3yFU3ocjy1gE 0NqQmmLEN9rlnkh2JW0UIs 
gym,5aAx2yezTd8zXrkmtKl66Z 5CtI0qwDJkDQGwXD1H1cLb 7KXjTSCq5nL1LoYtL7XAwS 4VrWlk8IQxevMvERoX08iC 6UaRii9AH6Zss9xNMEQ2M9 6WQLkih8nE0JdUCEyLaGnQ 3cHyrEgdyYRjgJKSOiOtcS 4dASQiO1Eoo3RJvt74FtXB 2rizacJSyD9S1IQUxUxnsK 6qn9YLKt13AGvpq9jfO8py 4eLSCSELtKxZwXnFbNLXT5 3bidbhpOYeV4knp8AIu8Xn 3AYcyxEACnmE6d96RPubID 7qiZfU4dY1lWllzX7mPBI3 378iszndTZAR4dH8kwsLC6 5OOkp4U9P9oL23maHFHL1h 7MCNnnmwm7TXMh7xyNGohi 4eLSCSELtKxZwXnFbNLXT5 40YcuQysJ0KlGQTeGUosTC 69uxyAqqPIsUyTO8txoP2M 7wBrglFVTNCcW6IhdgBkm1 2Oehrcv4Kov0SuIgWyQY9e 6Ep6BzIOB9tz3P4sWqiiAB 2V65y3PX4DkRhy1djlxd9p 4Y7XAxTANhu3lmnLAzhWJW 6IcrwGdIvRsrImOnoYfG9Z 5edBgVtRD0fvWk140Sl21T 6g1NlCpW7fgqDnWbCCDrHl 0lmdsH1MIoLsMymnNpd6HU 0prNGof3XqfTvNDxHonvdK 7x5xYW5W42OGPAdHUyyguy 3zKST4nk4QJE77oLjUZ0Ng 3bC1ahPIYt1btJzSSEyyrF 28cnXtME493VX9NOw9cIUh 5uCax9HTNlzGybIStD3vDh 1lItf5ZXJc1by9SbPeljFd 7KIbDUwumrpG5f30kEYW1v 6MreoQf8oixWI2xRcw3Fv1 0HOqINudNgQFpg1le5Hnqe 2rb5MvYT7ZIxbKW5hfcHx8 5bcTCxgc7xVfSaMV3RuVke 5eqiMMbaeUZ32Q7sS00H35 4eavkrdMt3ypQcnVmzGP5L 0tKcYR2II1VCQWT79i5NrW 3RiPr603aXAoi4GHyXx0uy 31L9yLXSj6LpCFupyMV6CR 6f49kbOuQSOsStBpyGvQfA 0FDzzruyVECATHXKHFs9eJ 6qVXkG01rBYGfxIndGOQ3z 2dOTkLZFbpNXrhc24CnTFd 
kpop,2tnBkiyJWLnQGsjyz4BuJJ 0WNGsQ1oAuHzNTk8jivBKW 1Zyd6zQnC6XIIzmg3hP7Ot 67BbMuItfrHmaNqDxBPF7c 7iV733e1KacKrFRaBNxVEf 5SE57ljOIUJ1ybL9U6CuBH 3ryjLm3oupIjJFGc39naNi 2SYa5Lx1uoCvyDIW4oee9b 5OepnJhqZoyJN8qWo2LZzy 0RzVkLtXOwfETIi4Z3ik1K 0rJdLlV8HyChu3dhdgfFTW 1qAPA8TooLVEqAZ58fhcrt 4MOMdeAcIa3CR1fuGa4vwz 4iVQC6HVPH2Tfr1J4PoCBa 51AwZQBaU8wDggPhhI5l7K 5RGf8qn1TBWVplLyyKUsuV 6dr6QeqH62tYUiPezRbinq 4hrpoqJMVE7FxBu1YWx0eQ 3RlcLpMmRvSd84Uw6Yt4Iw 7oLXIyY1ZUexU0zcr39Xj0 4wAjmojVxc6Wbeca9XvnDo 5crARIrvoMiMf2AdlD78WN 59FBFyeST1vqN8G41YgFS6 1t88m8JUlqn9kf0FLmVta5 1EbnuG2uizH1dZoKbYzXPW 6lM6yIDZ7kxFsgQCCfaLE2 4jdiqVbH1eUwc4MzDV7GMu 63obpKLYuY1q2QP7Cbf29a 6xy9JYFKcpb9L62PRNnYW5 4mapUx15LvqkxwJQcINhvH 4AyDzfSssIVPriQXxoXCVq 1Rrj7KyS2R6SP9CQMDJW1w 6xLm5hdcUTmZPWUzPnQ9US 44gWm1spxejf9cc589qV28 3D26URfsMlCNaa51mj9jOt 3zf2lAnc3iq9QPHboWt40z 3G4P1frd96TEUQQPE2ECf1 5tHj7TuWS1h6GDU0Ajcm32 5dEaQCUCJIQyJs5qVZYXOC 1QWxddJmOhQb1vDdyTipMR 2cn8rNlgnQOJoqWqXRvWQu 6KQSeSPqBa15gMWLO1fdkk 1PdQzu5XLJEwAYQqxwrkRL 3iBnpZZXP9Rq85hc9TOlQr 0SPLz2zbrID4hk4fT94ib4 54wWoqaydioPQmKEFi8IC3 5yQS98SqRlWTg53uaTCbst 0UDCfleTgwihlnOUxbzokR 626lrZfNIlthgrUfjvRYrh 6njl4FfPUwVmoIR1RKLq05 
80,7o2CTH4ctstm8TNelqjb51 4bHsxqR3GMrXTxEPLuK5ue 5ChkMS8OtdzJeqyybCc9R5 3koCCeSaVUyrRo3N2gHrd8 5ChkMS8OtdzJeqyybCc9R5 0ikz6tENMONtK6qGkOrU3c 7b4yGtR0rujvLi5EBfKKJ2 4y1LsJpmMti1PfRQV9AWWe 4oDZ5L8izBals6jKBJDBcX 4YR6Dextuoc3I8nJ0XgzKI 5tVA6TkbaAH9QMITTQRrNv 2fY6tqgrlrg1ky9fgs0t5u 2tUBqZG2AbRi7Q0BIrVrEj 7o9uu2GDtVDr9nsR7ZRN73 2WfaOiMkCvy7F5fcp2zZ8L 5vdp5UmvTsnMEMESIF2Ym7 2kulOHR2XY6YDZCWXb38hn 7INi4pMPG4IE0Smx5y4KVf 37BTh5g05cxBIRYMbw8g2T 2BSm925aJog65vjU9FU1R3 2Q0HXXMkR28ZZkyX30UmLc 4rcHWl68ai6KvpXlc8vbnE 4McRlwqJQIERlJFiJEgbP0 3VZmChrnVW8JK6ano4gSED 0RMo4bixbZYfzuJ4AYBLu9 7fRvtXvJMpGfTLdF0M09a1 1oYZm4FC6H2SPwZuHeHQlg 7AVStC1F1T427ecPjvMKXX 7wQ9alB79WZb0F5gFLbxSh 29wJiSQcze8HEmxkUQykyp 5nph19arSZBQsIHZJXJSH1 0M78T1W2eL8DsLgCufoGzM 3imZNKKJ2hHzzsM6363hYq 1pKubpcbRCOLY4wbvSDqzt 0tKjVEJlX3IZ5L1rEJc5hh 1cy5US2dffz6QGBAIzOGkq 5g3ZD7PmrEQlQZKDW91yGG 71MFFmfNghNbW8n2cYVan3 3RMeOetCdXttthQK0clPuz 1sCIUw34SKhOxgh9h5RxaN 1jc24HfkDT31GLKlxesuZl 1mCsF9Tw4AkIZOjvZbZZdT 0YL8rCxASTV9uBE9Sur0Ag 1NWART8FuUdzfE8d8ueETL 4G14XbZpRGNcMTpxwRHrB2 2Qt6mXHybGb8fitLAA97HT 3O4s2m47MFhnGqmpkjoKYk 05fHQeRbCSjKVS6z0WbQKJ 0DnA2DyUwy0W4xMYtRxocL 3mbcW1KDbnkdgjq03JHiQ6 
dave,2BjUvisO4UVAtTHs4lYiqu 3kMgAxxblY0bHQc6piepWL 1qHXpsRP2gwteJCPUrc9wA 65JmIZCsgkw2mbfobxt1CR 5EjZXJ4nVpw7uI6eso1SFS 6ZSfEAC04catbpvPEng9b1 2jt523mKmS9gFDLdSZHQoh 1HL3yEnYq8LEyFQ3QegA5V 65KzDXZm9aQt8sA1k0ZVG3 65JmIZCsgkw2mbfobxt1CR 6ZSfEAC04catbpvPEng9b1 2jt523mKmS9gFDLdSZHQoh 2BjUvisO4UVAtTHs4lYiqu 6Fme5eNhUk93pAP5zxuHhj 2FfZg072w8RoxlMOR7M4CT 474HmRcCZuGFV7i0jMNfEL 7sxabPG0y5BpVR9w72bMm8 6dwcPXelq5OPKY4idJtnJG 5fCxl609046LL8q6Ib5xaY 387wn4cWaWrqfLrzYIp8rB 5DiOPCoHg0HFilH5IMFX62 14IoqgWs4gtor11ANRRc1r 1sIEUTs3HPZZaj9ctjEVfE 5tDozcHE9nOe6yZxM6IygR 7njOgh1bBhbfUK08nW3Zvh 3Cygu4ytxgsXL3JzPbQV8E 3xOz3tiDs35w9g4rglc6Ke 6xJHckIUGCZceh7HPP8ux5 0oUzMf8vvmoBbJGIXgeAoR 4FNVmJmwFsrayTvjUk1eG0 7mVSR3bCgEM9P4ed41SPOW 3fR0qvNve4KHzVVLKFJUsf 6J8KRB88OX9oB5zmh3VxVA 1Gl6X2tCg9956a4LrcXFeX 6OnS0xygrZT780xxCzJqyY 4HQi9NeMlL9m8jpeiHcwlj 3SXT6vymwQdr1PVHAbccD6 7APd0XOyxADdME6FggrkVq 5gYILl4h2MvycyX1sC8SMN 6PzqGj9luRcexgHw2VY93C 0JRqBcYOYRh1SqVn5uSQEd 3gdHUjZ6QHTPdrbGO7QPnN 5xS8yXTaNy7G4ugLXQOk7R 6VXRvU6vLsb1EDnQu7ogwS 7lMf7alf29XNSAjdIBGoG3 1vpkbZQWzv170Rap9lmm1h 3MmwPzWrwfMWI2wuvXPJXc 3RvwOyRn1KglgJgKJm2ORS 2W3XEAVMRoqV9J74vM2QiE 2kaENEd8VHzHxgYAYfCNCZ 
jam,7129iqBafaphfc3WPCGC0L 7yq4Qj7cqayVTp3FF9CWbm 32FX4D4eT8LFP07QvlhSn8 0IqKeD8ZSP72KbGYyzEcAs 0j6YwWZVHsIFKr5FDEu68o 2NtAwdkesWt1QkcMTe4IjN 5N1itNLaYtifU8YVbg9SBQ 3fo6DYGktjENCiagUeU9yH 6LbN9JT2sAckykm78CA8Ol 16w8ZGVSjI4TlTLV8VimBY 6Xs7OKt6i0Ddq8B4M5Dgvr 4U38hORPx8SsUAXGumsUYN 2FBkPf8hS5Jam6YEnV8DBF 36dfGEKTGHxLmdNIYr0VTi 3ek4HgBlmvkTWgfT5sTSe9 5Dg2h1wsm7ZijCo0yLmbvR 6s8PRmROPJHlqZmu9Bbviz 5dcYoYFAXh0f0qI05AoufB 6w4LIVTA1966CdmIo0yG4x 6zQq3TrWnilO8SR1fgvTeD 4lKXjLzAV0Nxwln8MxHVtQ 1r1WtSrPbAOYHE7zwq4eqK 2IO7yf562c1zLzpanal1DT 3SKzTIl9mW0DadTys9SFo3 5x2XIAdvFxWCwIOMNkbWUj 1TGimSbipZ3XZ7q3eszBRV 1IJkqtUVTqDYbXZGHuo901 2Tjlq3aGhg3dIZFvSfsnyc 0PdZfwb7Hc9oQLpusD6DhV 33SfII0eODY8JCxUhnt4T2 3UfCFlGruX0DRPCpD1V3pU 44f2AVSNQ3xVs1EI0S0bjl 6HLsoDNuoZxtK9rO2CYThW 7038lbiIM5IE62i6a4qa5Y 1ivHxaGL5ld9VS1zsYc4YN 5qc4m2S3k4roOFx8lRAATx 2MvvoeRt8NcOXWESkxWn3g 2pMPWE7PJH1PizfgGRMnR9 44IeABaLLsnFVb7rjzNTzS 5Ut5dDKfBUCMsWQbc3Lgyi 6DpFDr9jWUan60x5Vk5HdX 3GKhmqTKawJwAU38G8tZ33 6rQvEE7Jvkdwnn8RroMs15 4cbuJTJ4XP6dkkskYh3Ss1 7tTM1237EwhJnBv3eu2tVz 1HqdwQLp3xXaUFv5xRCsek 485lbQ4xS5rKOVa8KjFZ8c 3NZLUgW1Y3UvQYFrJETeSd 4FSm0Ca6Hzd7Vx7TpSfcSy 29tzJGvqJPTAFs6LXmsHoA 
party,6O6M7pJLABmfBRoGZMu76Y 2KpCpk6HjXXLb7nnXoXA5O 69bp2EbF7Q2rqc5N3ylezZ 5aAx2yezTd8zXrkmtKl66Z 34oWbFBfGEElvgO0a5c9V4 0XUfyU2QviPAs6bxSpXYG4 5CtI0qwDJkDQGwXD1H1cLb 1xznGGDReH1oQq0xzbwXa3 4tCtwWceOPWzenK2HAIJSb 17Fd6Yb7mSbinKG8LoWfFl 7GX5flRQZVHRAGd6B4TmDO 0Dc7J9VPV4eOInoxUiZrsL 22L7bfCiAkJo5xGSQgmiIO 5HuqzFfq2ulY1iBAW5CxLe 0pSBuHjILhNEo55xK1zrRt 7BKLCZ1jbUBVqRi2FVlTVw 12REd1n8PeiHHWOh066tpr 2d8JP84HNLKhmd6IYOoupQ 2gam98EZKrF9XuOkU13ApN 0VgkVdmE4gld66l8iyGjgx 6YUTL4dYpB9xZO5qExPf05 3gbBpTdY8lnQwqxNCcf795 6p8NuHm8uCGnn2Dtbtf7zE 0azC730Exh71aQlOt9Zj3y 2771LMNxwf62FTAdpJMQfM 2fQrGHiQOvpL9UgPvtYy6G 16pwlVsypm4aDKMhXdOuXg 494OU6M7NOf4ICYb4zWCf5 4Km5HrUvYTaSUfiSGPJeQR 7MmG8p0F9N3C4AXdK6o6Eb 5afHIkEcVhCF1Z1CTqMUXB 0LWQWOFoz5GJLqcHk1fRO2 7w87IxuO7BDcJ3YUqCyMTT 6RtPijgfPKROxEzTHNRiDp 378iszndTZAR4dH8kwsLC6 7iL6o9tox1zgHpKUfh9vuC 6rbeWjEavBHvX2kr6lSogS 19gEmPjfqSZT0ulDRfjl0m 3W3KtDwAIg3mAruSpnfG3Q 3AYcyxEACnmE6d96RPubID 5OOkp4U9P9oL23maHFHL1h 62vpWI1CHwFy7tMIcSStl8 4WjH9Bzt3kx7z8kl0awxh4 0Rz1KXsP4bhGxs0ffySSSn 6m59VvDUi0UQsB2eZ9wVbH 5KY7zgFeH2GWoL1zP9mME6 1lItf5ZXJc1by9SbPeljFd 4pdPtRcBmOSQDlJ3Fk945m 1e1JKLEDKP7hEQzJfNAgPl 0j55p8YRAPG8yajtNyjt6A 
people,6O6M7pJLABmfBRoGZMu76Y 7o2CTH4ctstm8TNelqjb51 69bp2EbF7Q2rqc5N3ylezZ 5aAx2yezTd8zXrkmtKl66Z 1xznGGDReH1oQq0xzbwXa3 4tCtwWceOPWzenK2HAIJSb 17Fd6Yb7mSbinKG8LoWfFl 5HuqzFfq2ulY1iBAW5CxLe 7BKLCZ1jbUBVqRi2FVlTVw 12REd1n8PeiHHWOh066tpr 2d8JP84HNLKhmd6IYOoupQ 6YUTL4dYpB9xZO5qExPf05 3gbBpTdY8lnQwqxNCcf795 0azC730Exh71aQlOt9Zj3y 4bHsxqR3GMrXTxEPLuK5ue 2SiXAy7TuUkycRVbbWDEpo 16pwlVsypm4aDKMhXdOuXg 494OU6M7NOf4ICYb4zWCf5 7MmG8p0F9N3C4AXdK6o6Eb 5afHIkEcVhCF1Z1CTqMUXB 7w87IxuO7BDcJ3YUqCyMTT 6RtPijgfPKROxEzTHNRiDp 378iszndTZAR4dH8kwsLC6 3KYiA4vq6RPO1dE2XROXd8 3W3KtDwAIg3mAruSpnfG3Q 3AYcyxEACnmE6d96RPubID 5OOkp4U9P9oL23maHFHL1h 62vpWI1CHwFy7tMIcSStl8 4WjH9Bzt3kx7z8kl0awxh4 0Rz1KXsP4bhGxs0ffySSSn 2tUBqZG2AbRi7Q0BIrVrEj 2fY6tqgrlrg1ky9fgs0t5u 4pdPtRcBmOSQDlJ3Fk945m 1OAh8uOEOvTDqkKFsKksCi 6JV2JOEocMgcZxYSZelKcc 14WWzenpaEgQZlqPq2nk4v 4oDZ5L8izBals6jKBJDBcX 5jE48hhRu8E6zBDPRSkEq7 22mek4IiqubGD9ctzxc69s 5VSCgNlSmTV2Yq5lB40Eaw 46lFttIf5hnUZMGvjK0Wxo 07nH4ifBxUB4lZcsf44Brn 32OlwWuMpZ6b0aN2RZOeMS 0ikz6tENMONtK6qGkOrU3c 7oGZAicScQt96OAW4AruYy 1vYew137WJ69SFp9oez3xm 7b4yGtR0rujvLi5EBfKKJ2 4YR6Dextuoc3I8nJ0XgzKI 6RsWqX8zABZLhZydXxEFOm 0J6mQxEZnlRt9ymzFntA6z 
20,5y69gQtK33qxb8a24ACkCy 7hhAwcMTdCHxuYkCHCfzw7 5wTMQjEx9LWeFwLjolPCUy 1XHjU0TGIgl5lMFKAF25Y3 0c1gHntWjKD7QShC8s99sq 6Gn02ZC8juXwQ10Xk7ACXx 43Y5UfhksjiZF3a4S6XDPI 6iBaw0T7b3pTmMH1eMrul0 5NF8UyuJuF3dZr7jjps08I 0UeYCHOETPfai02uskjJ3x 5SfpwvdJ66fSdIoOc3jw1g 4PdSxqz7mP8RzEPUcV66YY 4DGRyGjqrVYl7b0TMMnjUc 7BSeKFoxuIBnkHEHsWscI9 1RSy7B2vfPi84N80QJ6frX 01q4ccXbvPlCwZ1fPiFaeM 2CoKy7UhlHMF2QaBaLm1kX 7GBvTJCL0VJrKGtWsGUGmQ 1MAqR81Tz28IIqMJ2KUDAO 1vOMzKXb7H4olUVllRc1mB 20BtSFYTjGeUKq78qCUVsg 5zflsn7VI8qyvzrowMoTgF 0wlFXHlZqVaLd6AInYsmhx 71V89tJj9CboDyzncO6ZN2 5NLuC70kZQv8q34QyQa1DP 6ewQE1dNPv9qqlnB1CxrvM 1fPLarHjgMC9QlsHfPijbr 1PdaKQIgSf73iEpojIriau 1UWRGR9ZnFP0UAIB1VX9ZB 2RbQndjD4SilFI0K81RgEP 5LkcAjqj5NOctNGi2qUjlw 6Z7i5PyIWZQt3pTmULwYS7 6S7OQQ19MSi5Fo2PQ6LL1u 6N5DRCQUSXT1qQqmqsO92B 2TTYIwTM2iLC1YOyHuhRMt 0jG92AlXau21qgCQRxGLic 6iqwA07zS5BDguVuEY1WkY 5cXtT63OTadsjqfRkm5Dwd 0o9Vr0BGIQPh32staLHcuU 53omHAZC5Onf7gLzSOOtMP 17kyc3Zt4WlmBu99DArFdT 4QkDp3ZXAurjAxZoEFGHgl 34XEXrLfzi7Vp8ULBSWNOv 1Lw2xRuW5fcieRPfoskgog 6456WRvYPVIwODcPXUlmGH 2acK24b60RQD2zBpW0Zsrw 4fA1gxXE4Z8w8jNlKurzWq 0VytyJNppKNGEs66GevIWX 44Gke80KttYib3M9VqX9Kr 45JD6GqtYOJHoPqBqhpver 
1990,5nkYHBWXu7KCgcdwP6jcB1 4GiVcDqNQI0fc0yYuRGH9m 6L89mwZXSOwYl76YXfX13s 33iv3wnGMrrDugd7GBso1z 0Puj4YlTm6xNzDDADXHMI9 4EnkwZd0UJAuHpNMMemQaA 42et6fnHCw1HIPSrdPprMl 4YPhn26bIFm2KUkL1VLzQG 1L94M3KIu7QluZe63g64rv 5UWwZ5lm5PKu6eKsHAGxOk 3jJZVeExYzVYiV6Y9Fl3DX 74KI6d8jEM2zwOAo3luayU 59WN2psjkt1tyaxjspN8fp 0xMEF2WiqKWTIG7Krjungw 0lXrp1d2S5X4mbBH978ejJ 3sBNaoeB8nQGtognBs5ycd 73fzhVcs7n1wZz84eoE2vs 39tLc4Xp58Lu4KcWHggeE2 2wVXSc0IrQVodHESUxVUJA 0W7AbEauB7cP4pidLclApe 6OSyCAmXT4Gkd3OQ2aPOaF 5qqabIl2vWzo9ApSC317sa 4pqPBrTkC6DuGCi3l7nAo5 1aLNpg2kKvUncflV8xE5AA 1eQuRtkMEPhf2DGzpBVTE6 1uCqIhOePc6hDMG2ijk8sp 62nQ8UZVqR2RMvkJHkcO2o 6QewNVIDKdSl8Y3ycuHIei 3LpnzPxkMI6XS4JCbhNeek 5vVmnv4EN3X2VBa5Fo3UFM 3GwIz1pLK6M2M0qp032McP 4jKq1e80xAYixkIwt6YyV1 6ctbCIikHbC6tSOL1rewQX 5uGsG0LfotfWDq6hql4h53 7fujLGyPh3b45OwjFhlQ8Q 2wEHxTBxLJk3vYzyW6dsAU 0z1b34WikhOH9ZxU8QDWcv 0cuq829zRNq4AEdmDJA4aw 3uNHNBnlfBtrOZ9NZx5b4V 4gQCt2piZS2MdVQzJ2ZrPf 3jS7bB0oXVOwGFZn3aE5NV 0J3I49UdftZ6qSWZf6ItJs 56SkdBKyR2zOkjk6wVFI9s 7kyvkpNlBTvcfhHcVGHSOz 5kEVy3SJPiMkJ8ep1NaPJ4 5vCE0xRLIEG1Zej2tgWFDb 4DXJl3qUpQhVKbU0bFzKHR 7gUtrUENhHW0GMnT2h0W9f 11LmqTE2naFULdEP94AUBa 36bOT34EdRNrNhCWMwNJKu 
relaxing,0Qw7qGuXlVBZLcfoQ17yZn 5eeMft4YZx0Xdf9yJPNZJY 1zZcEoMG3ZEUU6hEPyPXh5 31wS6gEaj89kOZhDw0xMNw 74XzT6sJuCIw0Py539SNQR 6okQlv5v9VaJEzoxBUAx4S 72SPsHheqN6J3sI520jT9E 5y7M1Ed2Vj49Pkslcwmfc5 77MJMrHCrTCLcvTkVPWBU7 4a4LoPlH6ASTTZ926Rg2OW 5V4NlIfbLfR5c8U9330HY8 3lw0CSMQ88LcN0ZMP6DlWi 1lhtOsCUtm0kND96OtDeNw 5AT78vBv3aqmdWuEqOPwjt 6a8L3ZylVYQSlAWgSofglE 3hOpkEWM4HzUVpT2vKrTm3 2mtYt7WxFKIi2sCc3xntOj 56KTVYhK9alJMt0N8A1jOK 2ARB3fKvRkMGhAtZuTnE5J 6LIUF3Z7lf9Vwcuda30Xaf 4PMvRfhHAx5j6Bb3XsFLoq 6srpczSEgGgBEsYsxD8oDR 40GcMSq0snm69PcRayNTw1 3A7T0XxubhI3H4MHSSLW2H 214Cj6UAEJvq9rocjbXqK1 0ccCwNzXvr1Yoz91vKz31Z 33ezGy7yDdmW00zhcmZndu 45AAElibfli0QUsYe8iiRX 39PCdFgfywR9PbCl1q3wHU 4VNWVzVj6QnNwasZBjPGdu 6lShATx9Yx5cFZD23DTOuc 507TINZlRErs2JJ1n1CG7Q 6ZbdcZO79W18dTwXf356Gp 0Z9TbLIhMAXa8BSOiY6um6 1oVQb8sxcQH7TSsM3pW6dA 2ItPhHWZ7GMnY1Aw8glvQx 6ZFbXIJkuI1dVNWvzJzown 76NHoWRJrfjx0rtF6OZRsM 3lWdN5LJV67EwGuzJeNHsj 1LncOycIQ7n0fxlier28xi 4WTmtPRtIpjzgwBbQsMYyo 0U5S8xPjxLA5DcDXVxN3Nx 6lanRgr6wXibZr8KgzXxBl 3e2XESxybAGUI5joT1mcFs 55GUjD4uEg8uRCdpIzsxwe 7bQfNecR1k52fPVQiZq0dJ 6OYgojkjpbeWRUCrwIsZ4R 7qGDHuDnjLdGtM787CgKYK 2AhbZP2oChiLpq5HHKg1xP 4Mrob0mOsRAumJRiSw6YLp 
pick,18BItNMXs9uGTSTucXXBpJ 18BItNMXs9uGTSTucXXBpJ 7aFQa52bLiHwb3BXPbmKdZ 6ybViy2qrO9sIi41EgRJgx 0Cvjlph1WGbwZY1PlMEtJY 7zkLpY72g6lKQbiHDqri1S 6FjAGZp7c0Z2uaL3eHkXsx 7LR87BxVS5GawUHQFJdko5 7ilWEHob3AYG3lAJlKEpDR 3nILBzvIDzJzaNeNyWLMlq 4lO5Pi6rjI5P2CWVEVKb0e 5ZJ47pHYC6LIUpKxrIO0Nz 6OzS0wbTMo9EepLStp7Xyn 0Ug9LJTND5pegxb70A0rb0 1Yw6ViCo3tuufI0Hg4mzSU 1zVBU0PAj7ZUVmVfG2pgQG 1BV0m40U0M4t1SLIsDnwZl 2YaGZvBfkQ4jiD5cMLIFQV 4VuHWU01C36BUaN1adNi5M 74CRWolE5ys9xf30JTI3H2 42qRkSY47AqYbOV9OqPyV2 2ZEwMwHaUECDWKkDh8rL0O 0NPcy5oUrjozH3n9CzPfp5 2Q2SougPFYpLWVZVx1dRNK 1JF334RONAG2oXBOfKrbJP 1zusIxNqJu8i4g6P6hJ2Qa 7y9dOOkTIQJhii7DOGdA2Z 7oWHSwL9592pL2nwdsOoP4 1pXAZZbOzEjsg4h3aOo5iD 4AwMZr3UOiZLbr4nIBEJE3 4ewYje7A0JyY6GXpenAk4z 3piY5aMfwEEmXMV6I9kpoi 6AVbtprNn18sQcX54K5MTo 12sfHH8Fik3YMc7MELGqia 3KNnyBCjInhKXHIfW5Byhg 4ztR83ZgTdg8H9xypnsQfS 5nt7eRlOOJhrsBSrHWiY4I 36Q7Lexy7r0g8W7gz5o5p7 1i8FJaKwn3OjZCqGMUnoKG 26nKLWXp4l91qxdrOlCEP9 3mONpwocm5gF4IQvWMlvst 57MbOuT7s2ES3IW9KuZQzI 5pRvd7BtQZ42S9zegc0nOa 1P7G4EZBFRJCNtUQl9V7cB 0UJzDgySBbxUGTOkONNxwg 5DEdP7MrcgdjXWGHWAeK5I 37pK088xTo1ZpR3y23wsFk 7Cj2tT0m2SBeIO1PsGfk8A 4P2I5Y9l4uPovs67LasSLQ 6TzfRFDXjpI5IeKfWC9NTU 
pop,5j9iuo3tMmQIfnEEQOOjxh 2iUmqdfGZcHIhS3b9E9EWq 4VrWlk8IQxevMvERoX08iC 6WQLkih8nE0JdUCEyLaGnQ 2iUmqdfGZcHIhS3b9E9EWq 3gbBpTdY8lnQwqxNCcf795 5b88tNINg4Q4nrRbrCXUmg 7d1CFwrBmH34gmS0Hkbfbt 6YUTL4dYpB9xZO5qExPf05 16pwlVsypm4aDKMhXdOuXg 6RtPijgfPKROxEzTHNRiDp 7MmG8p0F9N3C4AXdK6o6Eb 16pwlVsypm4aDKMhXdOuXg 3xqF04FdMK7gpIPG3SPFpY 7yq4Qj7cqayVTp3FF9CWbm 2QjOHCTQ1Jl3zawyYOpxh6 7wMq5n8mYSKlQIGECKUgTX 1fidCEsYlaVE3pHwKCvpFZ 2Oehrcv4Kov0SuIgWyQY9e 3zKST4nk4QJE77oLjUZ0Ng 5VSCgNlSmTV2Yq5lB40Eaw 3uhBIQ7tv8j1FME8cFGEfG 2V65y3PX4DkRhy1djlxd9p 3x2YIvkLcxvZQsA5x6xyIR 7wMq5n8mYSKlQIGECKUgTX 3C3cr2JQwXIhqAHqOardVO 4eavkrdMt3ypQcnVmzGP5L 07nH4ifBxUB4lZcsf44Brn 67awxiNHNyjMXhVgsHuIrs 1BwhFXqoIsePt21WyWIttb 5Sf3GyLEAzJXxZ5mbCPXTu 7pzdiluN2tVrxsFGyM2Asc 1X2Zd5wKGbY1oKzb8dzJRy 6Ep6BzIOB9tz3P4sWqiiAB 7wBrglFVTNCcW6IhdgBkm1 3CBWtVFHhxeaHVm4VverBG 7hsLKGEnoiNShdIGL6ws1f 0qcr5FMsEO85NAQjrlDRKo 2QtJA4gbwe1AcanB2p21aP 2N0volXQpwsvjDorTTxBAU 6dSMuejN1LbxkXDLC6T1Oi 1yjY7rpaAQvKwpdUliHx0d 7s0lDK7y3XLmI7tcsRAbW0 4gbVRS8gloEluzf0GzDOFc 6lpWMtQoGqQyEZuyIwhbkO 5MA073FFuaaP8TB26zKCVh 6Z8R6UsFuGXGtiIxiD8ISb 13P5rwmk2EsoFRIz9UCeh9 3heFYPLpVboYtIu4cUOBXs 2J3n32GeLmMjwuAzyhcSNe 
pump,7MeXwzhSDGfqNfuFANgzVC 7Ks4VCY1wFebnOdJrM13t6 4gMgiXfqyzZLMhsksGmbQV 5hheGdf1cb4rK0FNiedCfK 0XHGKdViVybbZKqEZ2tXqV 3KhF2YiNpJvGpfiCW45R6D 1UBQ5GK8JaQjm5VbkBZY66 7n6vyaZQ5ZOBSY7B0Gjtym 6tKEKKx2FV8CLjqNSWXE1F 3n4r8cWLwYn5YZEJmh3P90 3CRJejj8NYof49cz6756pU 69y8JXal4LDOxYGNIfgzOe 1wGRSG94dLt8fIZWhR3rGG 7m6jkjeqackwEhecoP45bA 6ATfHxDPIuzSAmvBMjxwJM 0GrHWVTDsaWcD4nrCGr7VE 1twBt7aZiy7HWPG025QGuP 4xBHZ2Mr0gCdFYXrPZuYXO 0EYOdF5FCkgOJJla8DI2Md 7F0IyFNW54CrTQ4c9hCc9S 0grFc6klR3hxoHLcgCYsF4 3zmduBNsQ6BPDTZAkXzG5K 6KqKg8IPuvtDB3PNAvffFf 0XT70Wk9pP8JZkmJhfntuL 3kIUfM6UvDTKfQqIhmV7El 5lSbdSQAWAMjAcJDJPFGQr 5fw155BcK86PwD3obrSraP 01ICFoBoco3TaM5r3HthXy 2JS1iE5A5RHvUPH5Zl9jlF 1bdXMstfxFWYSkEFTnJMoN 0XIvZ82aDF7JiSi3ZE320u 66Bm1WpI1NdUc25JGVZef2 6lq2Md99XWG4TnVNP9cNm0 7a0cTaOTd6wvZ9u0emFze4 4lt3cXW4RkvkHRG4x3K3P4 54Eo3yEOIsqcR9vzNVmvay 56BNLFLPUL9NtIoxuC6dCQ 1fQaoh3imrMunWVZh5kf90 3cwDSDzTiWr5H5xMQhQ6Mx 0HpMvhmhBnRBJ9iocNl16t 0zRaqTJoa20oc8Wqe5SDv6 35OOosZ9qzXNIcnAQaoQc5 4L58FgCh0T0WNG0UIqxK4E 4nmEFKvwVwTXAn5N2F12oj 076PFJLxSpuW8RBg8ub4Qj 7lI4CE7mlyYyrPTMHzLF1x 5siM4eG36axvG3alLNnsAx 14NwRQ6fnnoSfjeaHRZqz1 634JArk1AoXtts5DVdd4p2 59RR3auWejkJ6nk2jtHr6s 
motown,3koCCeSaVUyrRo3N2gHrd8 494OU6M7NOf4ICYb4zWCf5 2LawezPeJhN4AWuSB0GtAU 65KzDXZm9aQt8sA1k0ZVG3 5AITuS8QzCZ9d7kdEXCJkd 1HL3yEnYq8LEyFQ3QegA5V 5EjZXJ4nVpw7uI6eso1SFS 2NtAwdkesWt1QkcMTe4IjN 26ZTwQyRVbec9wQ0OaihjE 3kMgAxxblY0bHQc6piepWL 69XcvSymPaTke2Qb6f3W6P 4yugZvBYaoREkJKtbG08Qr 6Fme5eNhUk93pAP5zxuHhj 2FfZg072w8RoxlMOR7M4CT 1jNNHFZmRGXZFHlil5uhei 7Ar4G7Ci11gpt6sfH9Cgz5 500Tkm3vJmVtdUwdCVxCTb 2ubncjpv82GY5uES29L5ik 4AgUbBmuFf2W1V4eYcE8nl 3jH92uUHDEPQfjfQKYErj1 1OFKUn2VLafrHj7ybnap0Q 30lgD1UuHczwlxa7NZFeSQ 2eA160jLLoHiJKOqvOFKJt 1mqlc0vEP9mU1kZgTi6LIQ 3HSXKTKM1tgSHEElXZGf7U 1bOvQwZ2zqwtIWIkPxvbQr 0vsuDbZZ7llAd299f0xxc3 4Fz1WWr5o0OrlIcZxcyZtK 4HREgaJwditqnnb1hZPHWH 66s45uMhk7Y4z0xUgESdm3 254bXAqt3zP6P50BdQvEsq 7Dm3dV3WPNdTgxoNY7YFnc 6VuNej6m4xlWdra1aTrcwh 4bEb3KE4mSKlTFjtWJQBqO 2BY7ALEWdloFHgQZG6VMLA 7GebhNsNL8mm3D218sd1IM 5S5rw0WLVCAux5B5bWCehK 1r4KZXhCnoVF8Zj5Q8sedq 60HDLY1Dh2Hy9wTVI3WPzO 0z4DbiX1UFcS7JOSAOt0t2 69SPx2FIZ680Kvca21aEhN 0UGRfHjN5t2qRMgfTpYnd3 55GxhCTq6SY3tFTVh7z1nR 0EMmVUYs9ZZRHtlADB88uz 0sKlV58cODrjxGFOyf9IXY 05oETzWbd4SI33qK2gbJfR 37d8O4cIq36tssCoJnhJxg 0RKWU3hF0xNGS5RJXAtzF5 1I7zHEdDx8Ny5RxzYPqsU2 1hQFF33xi8ruavZNyovtUN 
folky,1VdZ0vKfR5jneCmWIUAMxK 5FPnjikbwlDMULCCCa6ZCJ 53QF56cjZA9RTuuMZDrSA6 3UwT4FadEGWyMdaSwYcUBY 6atVS7UZBxoyJkkteM62u5 7B2SMMslfm3Ocf7ZnTa5dS 1wU7z5XE8oa66ZvUlYAKfK 2Jr39bnXx3WOUmdlI4S00f 3ZBu8Cm48RcsqYAxfHDogR 0Uq9Hp6PhupS3yU8K2WLDA 1ZAjMknNremJaQX5dORIM0 4bdPdSIHu8OeWpLWEEB2ts 1XNPSTVe703kvQiIrsKG3E 0VLC4OJZcuHgTizAi5KF0T 2UFOh8iMQ2DON7sl3lqGJH 0Tel1fmuCxEFV6wBLXsEdk 0SuG9kyzGRpDqrCWtgD6Lq 4RnCPWlBsY7oUDdyruod7Y 3vOmmLuvEUgGaVuRsCs2QF 09csgA0JlR4CQaQYzFntKZ 2Jfsw01CDT5XetSFROs9v5 3JjnGLK8IxkNLvo8Lb3KOM 0L5gFNrzHyh4OhMwEz6DGS 4LPLeiZJLYNGPdI3oo4PFz 5omYVLodGmaxnhua99xIE8 4zKE3RlC6pCCDH7YJpCGPK 7xsLvTLqXL5pY9IfYyyB8r 6Hsz61JlIr0x61uFhozW9s 3qNbfNc94BY5tUGGpjO8zR 3kXfK5tUzomgXp3HJQnkwv 0bLDiTLGlWfY6S9OQm9dhu 0Kt5AHOpQAkEsHAuPeB0le 0z9UVN8VBHJ9HdfYsOuuNf 1edHP3d1NHBogqbmVn3ai8 36xPhTrbLeOegztjGwOgcW 4xIZj7JRC3FnGPAjmkhNeW 1KKjApPXuCsMKfds56XD1Y 5CddVUFoGLaM2W1ZSnHvVf 0j1I5GxKZMev1FFs8l18pZ 4z1O25cq9g2kuJemmUxc21 0ygAYQQy7bfDN6gH640bbl 4fZscNFYKoPIDHrgXxdacR 0xaPq2EZ9pQ9vLuxy6MCHH 1INC537rOIf9M1OJL8QASz 0CgTuGTVzwPDd8o2rWH6DE 2Gsuc5EdHYPGK6h0xu11tX 5zT5cMnMKoyruPj13TQXGx 6U8EShYiwNNrGogCxTeFm2 4vYZFVml0Dv0sLaCgfEQ0r 5LxQohFfm9A4V1VSTS1RDG 
classic,2qOm7ukLyHUXWyR4ZWLwxA 20LxTsa6936zOlzTWqoPVt 3yfqSUWxFvZELEM4PmlwIR 2g8HN35AnVGIk7B8yMucww 6ltPEsP4edATzvinHOzvk2 0HOqINudNgQFpg1le5Hnqe 1JClFT74TYSXlzpagbmj0S 7KwZNVEaqikRSBSpyhXK2j 7lQWRAjyhTpCWFC0jmclT4 4INDiWSKvqSKDEu7mh8HFz 0svl7cK07gK1ia5ainczU5 2IUylG1WDsYWbMwH3HKuQo 2NBQmPrOEEjA8VbeWOQGxO 27AHAtAirQapVldIm4c9ZX 0WKYRFtH6KKbaNWjsxqm70 3ssX20QT5c3nA9wk78V1LQ 5sXjuBJEVOaXyRwyIbMB4V 33rsCCLHklTQav9klbpnAi 6KIKRz9eSTXdNsGUnomdtW 4SZ3B3y1TbwTK4OIXMOVEy 119c93MHjrDLJTApCVGpvx 3NGT0Td7H4Is1qrlDQJxma 5XhkV07Vou38wnrzwURUOC 2xTft6GEZeTyWNpdX94rkf 1oTHteQbmJw15rPxPVXUTv 53BZ6XygAoubR5DU5w38Vq 4IYKjN1DrYzxKXt0umJqsG 5zwz05jkQVT68CjUpPwFZe 6RUpJeXT6U4SPEafnr9Wr7 5n8Aro6j1bEGIy7Tpo7FV7 2Dts49OexROL2KvCK2sokf 4tXA1TUmKvz7CbUT9LUHDx 16LnNR25rqcvQVNv5UEQ7g 1AHfovSnGPVYKaahRtA0U6 2KFg8kjYy0rYjWsXGhEQHN 0H7wdsHwWmKGPbGtBGS9DM 13XHuE00ElL5thSxkaEXxK 2D1hlMwWWXpkc3CZJ5U351 4MxZW1XEcPuIZmkANsJabC 5IVCuswUfdYjl2eQ2FHqUd 32SFvZODywPBVDYSYtqxCj 64E7c7HdsIbbDWDSGxNJVF 0I3q5fE6wg7LIfHGngUTnV 69QECPXP9ghwRvpRObsz01 1Kqp9djNwTIhCsMOeRxrYu 60WcXjimfbhk6T0gj1Eufg 4P2q1rzZ0XVb2vs3KSUXNF 2QYUhjzK6yUdSFNvYRv1y6 2I9foKseoFQh07p6sD2voE 4h5KBcltGefua73AUPYps7 
beat,1xznGGDReH1oQq0xzbwXa3 1xznGGDReH1oQq0xzbwXa3 34oWbFBfGEElvgO0a5c9V4 6Ius4TC0L3cN74HT7ENE6e 0Y0TOsE1q11qgbi7c5WZsG 4X5f3vT8MRuXF68pfjNte5 2g8HN35AnVGIk7B8yMucww 7w87IxuO7BDcJ3YUqCyMTT 3koCCeSaVUyrRo3N2gHrd8 5v7kaZNsnyByrSJOfO8gKq 6M5cQCyieE1Q8YQydVLzxL 5ByAIlEEnxYdvpnezg7HTX 69uxyAqqPIsUyTO8txoP2M 0j55p8YRAPG8yajtNyjt6A 2kulOHR2XY6YDZCWXb38hn 61dXuN3VyqGOyOeMfJXIPh 6m59VvDUi0UQsB2eZ9wVbH 6F609ICg9Spjrw1epsAnpa 1AKI0dqAIamOa2UamiHNF9 6JjEVlMkfHWMeYavkEYzNO 1zy9PC4hGrVtCU7LoMOIqH 1Ktsil4bC4hYRWlqMG4qK3 2Q6BoynOBtVmQcKzkNZkg3 18sytW2s53Of6NVudQyUlH 7iyjZ4paFWpTrJJenM0yZb 7KEguG3CDoestm50v6XET5 6RrXd9Hph4hYR4bf3dbM6H 1MQCTOWVfy4PcuBXkBsHVB 2uTG00P1DkhB97pdITkl2O 3MhdH8PxqH1FuQp3HBptUI 6gk2V87atn7XaaAltdYsKd 2WDlSgb4q9ETwyZEBUFM8s 4DgWhRYvzf0zpo5nqyDW0Z 7tUEDtHchueeUJTfEFEhii 1EPVhySScieqRoYWj8pIEN 2tcRUmCd2FpgihXTBY1tXG 0Aj8EagrPfDoOe5OlUdrLC 6XJdmdiLRvvQXRLMenQmjx 53oWwSxPuyH2cjYKXH8fgO 6BBeG9VX6MoNAcce8dnmde 5HEjbOF2miSnhwJX41mXZJ 34yrF2FyjTZEQfDCnJSdDA 1kPBHRXyXdrtYfUfeRwBko 2H4M3lyO2rJFQw33idCk1X 4139IXWrq0EwfTuUv8KD4e 28YLWwEB6xnJQYN7e062rH 0wdaPticLmmqJdhgLDJ9zI 2CG9mGkKC6IQE5lEjDioEi 6SMHgPgNkhe9lneNTbgtel 1OK4hVcucqYKMU9Ipb3dtx 
lit,7yyRTcZmCiyzzJlNzGC9Ol 3ZLyt2ndLFBh148XRYjYYZ 5aAx2yezTd8zXrkmtKl66Z 7KXjTSCq5nL1LoYtL7XAwS 0WqIKmW4BTrj3eJFmnCKMv 7GX5flRQZVHRAGd6B4TmDO 0Dc7J9VPV4eOInoxUiZrsL 6C7RJEIUDqKkJRZVWdkfkH 22L7bfCiAkJo5xGSQgmiIO 5XJJdNPkwmbUwE79gv0NxK 0pSBuHjILhNEo55xK1zrRt 76Y0gxtTxN0FyDCYh5qYQj 2d8JP84HNLKhmd6IYOoupQ 3nAq2hCr1oWsIU54tS98pL 3ESSGgWzRf1xvP7G5hHMhB 2EEeOnHehOozLq4aS0n6SL 0VgkVdmE4gld66l8iyGjgx 6gBFPUFcJLzWGx4lenP6h2 4scpF6J5uMBvoh6sFB7EL1 31G9RaSaDOI2NWcpnIp734 0sFvItEeMstcUyZCleYgyj 5yuShbu70mtHXY0yLzCQLQ 4w7yrP4RAeeyhfG9nJqQvS 4dASQiO1Eoo3RJvt74FtXB 2fQrGHiQOvpL9UgPvtYy6G 2bjwRfXMk4uRgOD9IBYl9h 16qYlQ6koFxYVbiJbGHblz 0v9Wz8o0BT8DU38R4ddjeH 4Pwjz3DfvfQWV0rO2V8jyh 0BU7nIcCZxYSE0hYcc5oZz 39afswHs17v53znQm1gDTY 4KW1lqgSr8TKrvBII0Brf8 7iL6o9tox1zgHpKUfh9vuC 6rbeWjEavBHvX2kr6lSogS 1wHZx0LgzFHyeIZkUydNXq 4X5f3vT8MRuXF68pfjNte5 152lZdxL1OR0ZMW6KquMif 3DXncPQOG4VBw3QHh3S817 3a1lNhkSLSkpJE4MSHpDu9 222gtLodYqqg2aEThuEI2Z 5tsI3xxDHDgzHhn30LTQNz 5KY7zgFeH2GWoL1zP9mME6 2RUuKIHFHjk41E7YsJ9HNP 3pXF1nA74528Edde4of9CC 2U5NrHirVZusBLQlohTbnZ 7floNISpH8VF4z4459Qo18 4NpDZPwSXmL0cCTaJuVrCw 6mapJIPnQ23RTAevUoE0DL 4Q3N4Ct4zCuIHuZ65E3BD4 7IpDQcksaT8SxS7vOX4SRm 
music,0XUfyU2QviPAs6bxSpXYG4 0Dc7J9VPV4eOInoxUiZrsL 6C7RJEIUDqKkJRZVWdkfkH 6WQLkih8nE0JdUCEyLaGnQ 5XJJdNPkwmbUwE79gv0NxK 5HuqzFfq2ulY1iBAW5CxLe 70cTMpcgWMcR18t9MRJFjB 439TlnnznSiBbQbgXiBqAd 2d8JP84HNLKhmd6IYOoupQ 20LxTsa6936zOlzTWqoPVt 2qOm7ukLyHUXWyR4ZWLwxA 6UaRii9AH6Zss9xNMEQ2M9 3ESSGgWzRf1xvP7G5hHMhB 3yfqSUWxFvZELEM4PmlwIR 2CvOqDpQIMw69cCzWqr5yr 2g8HN35AnVGIk7B8yMucww 26rdOwwjC2UnweK3xeS58u 2PpruBYCo4H7WOBJ7Q2EwM 7oK9VyNzrYvRFo7nQEYkWN 4Pwjz3DfvfQWV0rO2V8jyh 6ltPEsP4edATzvinHOzvk2 3mNecsYFb6LQg7822DPXCP 6Qyc6fS4DsZjB2mRW9DsQs 19gEmPjfqSZT0ulDRfjl0m 152lZdxL1OR0ZMW6KquMif 1AWQoqb9bSvzTjaLralEkT 6LxSe8YmdPxy095Ux6znaQ 31Q9ZTF9x81BDonlObCbvP 6IcrwGdIvRsrImOnoYfG9Z 6YbhspuOar1D9WSSnfe7ds 4356Typ82hUiFAynbLYbPn 7KIbDUwumrpG5f30kEYW1v 0CAfXk7DXMnon4gLudAp7J 5ByAIlEEnxYdvpnezg7HTX 2IUylG1WDsYWbMwH3HKuQo 64GRDrL1efgXclrhVCeuA0 5RRkd5tvtcyMuVuqX9bHgq 7w9bgPAmPTtrkt2v16QWvQ 2LEF1A8DOZ9wRYikWgVlZ8 7mitXLIMCflkhZiD34uEQI 0svl7cK07gK1ia5ainczU5 1a1i2IwXnUN0PjllVEhA4B 4Y7XAxTANhu3lmnLAzhWJW 4rHZZAmHpZrA3iH5zx8frV 2MYl0er3UZ1RlKwRb5LODh 77WO0JSWRfhu0ek3Zp2amk 66hayvUbTotekKU3H4ta1f 3C0nOe05EIt1390bVABLyN 7tGlzXJv6GD5e5qlu5YmDg 0weAUscowxeqDtpCgtbpgp 
christian,2IYwyGl0oRRUwKHpU6FTr3 206HN0PPAzTNTOxMKzSBUK 3aBwdmDksm7NMKZ6uEXmn2 1cqTNdS3yTMaW9RxW2fZWT 7LCi2keIXNlDOuj9PSkqgt 0vaqXI37M1v9RfiP1BI0t7 4r5yle9whdWDsA6ApFGaZj 6QN2LDi1HULluoF0cETe6H 276bAkEjn6stlbAHQtynLz 42alprYTLPWivGUUbuR4dD 07ncdJ0EdM2gXZkepFzuc1 1sS7k3VZRTjyfCoDlTskBD 6Z31l856yEwyJqSBe3qLZ4 0kazeU2qoJTaIYq9FOao0o 31wNIs29IVYgzFNMC7O2te 1sqlq5ywBy9hkqm8O3Z0ZR 52tjuUrAxjy7yJ4dXN7MG0 5fHkJ1a7v0JFPiT9rFQI8U 73sVU2NvFYSsuNVI69qQMi 7tHyUQkwOfVJ3QfQNHWnzE 05BkWRVy0cubbSnsyzw2lu 5xmaJCdZm0kzGa7wajm5Eu 5tSoJZzeELbK89nHEitp66 3ngh2nS1P1GOr6qDGzwojQ 34QNuVkT7tyP9TdDGrtZYk 7yauACZG3UPOYKwyWFnQkB 7imETws52ZomXq75WfgUdY 2o1MlejOS4ANLfAub5Yq2o 2Aelsvx3n9fJREYCS8uIX3 38GjgoCoXBStVNBBgl6Ove 74OPzQUZXb8cPwyaewLo58 4PKQ3AkEH4OW92hNciAwQG 6f3hwf7oQb22QiresBLhIP 6fjuSP6qO3qiprkkms5dUQ 2IHWHpC6E2xxaxN21dx58T 236GZt6rDEFODrNREOlUaF 3UjbaE0jxoyDNpkdOQ4gSF 1Tig3lrgKWsWJZKXeceUpQ 5WROjohG9REh97HQifR5Vf 6du2h0Y8CWEz0EHkyITOGD 7avOlwT4dRe3xr1RH82k4d 6qYidY706dT5LxQSmbTg94 776JWgzwNZsCnnRD2pnDmh 5h4GpZbLC7xYyIpOP8bkbH 0zb4JbdFXigxGW1LmVbaS0 7Jd4nhiiyWs41KpZqCfYL7 40cVQj7FN9WmRCcNGcetZn 79y4fe9RE0KtxXGj4WmRT5 2VPcU3VQ3mPsESykpwpZBv 1g5I6Ns9TOz1XWJ968D2Zu 
song,7yyRTcZmCiyzzJlNzGC9Ol 7o2CTH4ctstm8TNelqjb51 3ZLyt2ndLFBh148XRYjYYZ 5aAx2yezTd8zXrkmtKl66Z 4bHsxqR3GMrXTxEPLuK5ue 2SiXAy7TuUkycRVbbWDEpo 2Z2vOukzwOgqR4dkymRSWd 3KYiA4vq6RPO1dE2XROXd8 5T8EDUDqKcs6OSOwEsfqG7 2LawezPeJhN4AWuSB0GtAU 1AhDOtG9vPSOmsWgNW0BEY 1fDsrQ23eTAVFElUMaf38X 7lQWRAjyhTpCWFC0jmclT4 1SLikaDhWhhhnLJC58bkFI 4qYLPta5HZ36idWiXtqh7B 5vdp5UmvTsnMEMESIF2Ym7 1lzr43nnXAijIGYnCT8M8H 5lXcSvHRVjQJ3LB2rLKQog 1Uq3IOIy1CUlHUgP6vWpum 4EnkwZd0UJAuHpNMMemQaA 4sFbojhVXQv7dBC9PVCcRn 4CJVkjo5WpmUAKp3R44LNb 1qPK58q90l8KNoWyXsLI2Y 5tVA6TkbaAH9QMITTQRrNv 0RFgvrhkf9FiDRLA0BhzpZ 2iXdwVdzA0KrI2Q0iZNJbX 4Z1fbYp0HuxLBje4MOZcSD 2os0aK782bakCPmjow0SU0 40riOy7x9W7GXjyGp4pjAv 4yugZvBYaoREkJKtbG08Qr 0BgbobvykXxEvxo2HhCuvM 0J6mQxEZnlRt9ymzFntA6z 3I0FBDc1c1BLNtXWKVjmFg 0qRR9d89hIS0MHRkQ0ejxX 2zvot9pY2FNl1E94kc4K8M 2WfaOiMkCvy7F5fcp2zZ8L 7o9uu2GDtVDr9nsR7ZRN73 5ghIJDpPoe3CfHMGu71E6T 2VPcU3VQ3mPsESykpwpZBv 2IYwyGl0oRRUwKHpU6FTr3 42alprYTLPWivGUUbuR4dD 4BP3uh0hFLFRb5cjsgLqDh 6I3znxz3ito6QiZb7om2T7 0kazeU2qoJTaIYq9FOao0o 73sVU2NvFYSsuNVI69qQMi 3aBwdmDksm7NMKZ6uEXmn2 0ZpBPavoID3eDbaXKSWpAD 2oxWmwLmnVkBujTbllajwo 4nqGIp9gspbQIWHFSYDsls 7tkTgAmswU0hff8bgDyj3o 
kendrick,439TlnnznSiBbQbgXiBqAd 4Pwjz3DfvfQWV0rO2V8jyh 6fAyRZ0GHuuvSOEIOwi58N 6fAyRZ0GHuuvSOEIOwi58N 3I0FBDc1c1BLNtXWKVjmFg 5ujh1I7NZH5agbwf7Hp8Hc 1zCi4cVFqe6ja16MeGZKRN 2HbKqm4o0w5wEeEFXm2sD4 2MYl0er3UZ1RlKwRb5LODh 0d0jsoba88SpOoFxCxA2rZ 7ALEBJ8LOQqXVJ2tqnXtoH 0zO8ctW0UiuOefR87OeJOZ 2HbKqm4o0w5wEeEFXm2sD4 0d0jsoba88SpOoFxCxA2rZ 5Mtt6tZSZA9cXTHGSGpyh0 7ALEBJ8LOQqXVJ2tqnXtoH 0zO8ctW0UiuOefR87OeJOZ 7L3YDa0Fd8pmzpAyu6EKOS 7Ks4VCY1wFebnOdJrM13t6 5Mtt6tZSZA9cXTHGSGpyh0 5c7yH6ivcTqyHcMkHWTiFY 40IQooNkPRVtn4zlE3ZFpA 5bBUDJUfGcG7eFy3Bf4fXv 4tQcyj5488alHT1ZgFduzn 0N3W5peJUQtI4eyR6GJT5O 3iVcZ5G6tvkXZkZKlMpIUs 0bcCgRudYZ4kiOHZNZfqxU 4fVqQKbROkz8Z9FFJS7vls 3ODXRUPL44f04cCacwiCLC 75izAeHlGuOgA865CFDyIv 4oFtLSgHyZPNYDCcANhTnO 1bxEpNR75Hq3T2oF9AZjt8 72hFOhhhnOJZnnp6uVOgPn 1WT11QmhZutciEv1NsHt1R 1wf4LnpdAhLaoI2WwYDKAE 3q2v8QaTnHLveAQzR6gvYm 2b3KgzISdjZVNPJJ1945nw 31Yebmn7gDvxc0yjRV8M5t 2SIdGJTWirTxRNEyCp9ocI 0bP9mtOuBLMQ7L0DP2wPwj 6QvxTX9zvo4u7XhP9vOP3n 5UHjWOJA6MDl1g3x2HC68V 5vuJuBqwzHJgCA1ysRfwxZ 7M2cKcvCnflzp9WcxGjlbm 1DCLOAT1E5NDZDupAE95ka 1S6NpdvFXqHZfPUUEOIjtG 6ff9CLXYk39PKFYoYCYeog 53mCo1wDJ12iZNq9LgIeg2 2AyFYSaJjz9XMc0kMr1R3a 5kpnUpMNV9dPNCKY7JtW3Q 
lamar,439TlnnznSiBbQbgXiBqAd 4Pwjz3DfvfQWV0rO2V8jyh 6fAyRZ0GHuuvSOEIOwi58N 6fAyRZ0GHuuvSOEIOwi58N 3I0FBDc1c1BLNtXWKVjmFg 5ujh1I7NZH5agbwf7Hp8Hc 1zCi4cVFqe6ja16MeGZKRN 2HbKqm4o0w5wEeEFXm2sD4 2MYl0er3UZ1RlKwRb5LODh 0d0jsoba88SpOoFxCxA2rZ 7ALEBJ8LOQqXVJ2tqnXtoH 0zO8ctW0UiuOefR87OeJOZ 2HbKqm4o0w5wEeEFXm2sD4 0d0jsoba88SpOoFxCxA2rZ 5Mtt6tZSZA9cXTHGSGpyh0 7ALEBJ8LOQqXVJ2tqnXtoH 0zO8ctW0UiuOefR87OeJOZ 7L3YDa0Fd8pmzpAyu6EKOS 7Ks4VCY1wFebnOdJrM13t6 5Mtt6tZSZA9cXTHGSGpyh0 5c7yH6ivcTqyHcMkHWTiFY 40IQooNkPRVtn4zlE3ZFpA 5bBUDJUfGcG7eFy3Bf4fXv 4tQcyj5488alHT1ZgFduzn 0N3W5peJUQtI4eyR6GJT5O 3iVcZ5G6tvkXZkZKlMpIUs 0bcCgRudYZ4kiOHZNZfqxU 4fVqQKbROkz8Z9FFJS7vls 3ODXRUPL44f04cCacwiCLC 75izAeHlGuOgA865CFDyIv 4oFtLSgHyZPNYDCcANhTnO 1bxEpNR75Hq3T2oF9AZjt8 72hFOhhhnOJZnnp6uVOgPn 1WT11QmhZutciEv1NsHt1R 1wf4LnpdAhLaoI2WwYDKAE 3q2v8QaTnHLveAQzR6gvYm 2b3KgzISdjZVNPJJ1945nw 31Yebmn7gDvxc0yjRV8M5t 2SIdGJTWirTxRNEyCp9ocI 0bP9mtOuBLMQ7L0DP2wPwj 6QvxTX9zvo4u7XhP9vOP3n 5UHjWOJA6MDl1g3x2HC68V 5vuJuBqwzHJgCA1ysRfwxZ 7M2cKcvCnflzp9WcxGjlbm 1DCLOAT1E5NDZDupAE95ka 1S6NpdvFXqHZfPUUEOIjtG 6ff9CLXYk39PKFYoYCYeog 53mCo1wDJ12iZNq9LgIeg2 2AyFYSaJjz9XMc0kMr1R3a 5kpnUpMNV9dPNCKY7JtW3Q 
dance,4ZdG8OyIV7WfjBReUNLQl0 4ZdG8OyIV7WfjBReUNLQl0 6kEP5D8D9xongkcKnTNcxa 5cbpoIu3YjoOwbBDGUEp3P 6kEP5D8D9xongkcKnTNcxa 3hJf9RCc6jLId4U99rSTa2 62cG1MPSPrmXDR1Udcgx78 0tdXSXkovsILEjciXkn6ks 4quHjAcx00DzkEiJxjtSe4 0VWHB1MzsKkkeAIUqzRRao 1G2JQVuAfSfgjgaPiHht5v 2BKHfWdR9BtyhZUPrLYIfk 7fBEjVhFtSaE1d47NkpsGM 6xT6POT2QEHBZN4mI6sb7c 5RePFldQaYKHcZ4sLYg88a 2VBo6OXRntDFDCzeXYZq7D 1u1XTfuVFbc8RM2qZPMvfG 2xl1L3AX0N7rLyPvfschwA 0DNQYBXL9Vz84GA8Ob66aE 5PjnItm1TRbIu4xTsgFjrD 51SbKLIQeTEGyjVjxwBIlA 3stuliHpnexsTj6uXFJ5iI 0oKGnCEvcg85EQGJEv9A65 1iAqQMUVtp5E1EYJkqZw2g 2NLiNFOguoAJZiL7bzMss6 3cPTM0lmxdaTdonEe7MkRf 58G8pt6eWGJpcpIEVdvqcj 1J98gQNlyo4SiQhjBnVapV 3TjbpRjtWYHFwigdLMr8Zl 1vih5P18jbruF8deIHmyba 6Ttn0UJcetXgacmqMWmPS8 3leMmNhWXhZqompaiR76tm 4M02qbwRJq9eZcKQxxzoy5 1vI9XofqLxSkCYeNLWdBzo 0WfPUT4eK5q1cpqtJW1zJs 1FEE0wRzmiUqGvzYwkzQ7C 3oyDCyYFhWRrK5lDLX9hXt 065JpMm3wBounTRtaoqVyS 2sJGQipVS9ueplaND1TvjT 1oulMPW26ZU6XtRMZpZw5G 1ZOP0LhUVCLxCTuWNNdUXh 5rgukqlCowrFmIIAF4Cs8u 0X6zo3gCOaS6ccC7IT9Emf 1V3eyBz3pfkn9lBOlfle4x 3T1CKrdMfrXJC5VXC19LUm 4Bz3lqNehZ0sOw4Ej1L6LT 5eI4A8CUDqcLSSZTtJjo0m 34Uv9CGMn2tMbjFVy2NFT3 4jRDcnmxxRPACTgrsBQMFg 2GLmHBt2pgZpjA8FKnlAw1 
spring16,3nAq2hCr1oWsIU54tS98pL 3hB5DgAiMAQ4DzYbsMq1IT 08zJpaUQVi9FrKv2e32Bah 3UajtqBR1vopHl4EVQutul 7avUYFehb1GscgCncPdBDK 4mjw7vQtYCtsDCOu8uRJmm 65KWSO41BTzyBEthvaMqGS 6Etu0fN4yllmZ5oTxKd0pt 42RxuQMiI908vPbh3djeOm 3DgEeHFWREJ0TK3RiPjWwQ 0ZZ9kLRomzTbnmtzcE1dO2 7tUUZ74ZhKN8B1IiMREYlO 3EEzQDCP8jRl2pEt9eDKMO 6pvlXRo37T9hps7z5dEp0U 1LjPCQHkAYnJbQUgSoHaye 1deWgqhgAzI6dY35TbKKh7 71EXLKTSaMfBnbZEDN5ZDC 2as9DMML3RYe4uGiBpTvEm 4bhoQCNYx5TjINvtSMiaAb 4uQ7wYsuL0DryknoDc11Hk 297kL99O1dAFpm3UmtYsfm 0za4yuB3UmITV2L9QMwlV0 6S0IRhCK4P0llKnIjivfGd 5T4j3Uv33fQO7tsR2lMl4y 2rs0JKFm7CjovNlfYI62cv 3OIKgKNUt87GHz8OmmHZop 465hVdgg75kPgRdpJfEFFT 53H0Xxf7BhAmbSprGkJL5m 0gBrJS89BL4r8rqjDEzbtp 0tJCX9QKpIr9YPZzRuXWOe 4u2KDCwcj8WGcFXDhy1aKL 1qyRvPjbQZbPPwVGtApQ7P 1ZosUXeZM3qlTWdL1uTrhm 7trx783SvnHhKkmgSSTIFJ 0HsGh7cboYz6cVMIyFrQ8j 2qRpAQoH3aaDTppBN7j0JL 6ZQgLj68uDyiNdeuIsLkjq 4fkAWGCbxNizyNwsHlrajH 5QS9GYw1lZtIIlfnCqNvgX 4rU6Yb8admwqo5yBd8kkL6 3YQacpdl0a7j1KbKDEUcYh 6i6vTovzDTGf6AQp96YwZK 33NysMbc4naLtmQyODcZxo 2TcWNtN8aiBHAS4DWVvpPb 2dAzuxEnwjHmYN1K5bAZDC 6y6TLb3rwDRxP5I3qK0Py9 3YsQHfa0JcuUTOHMo5NsGK 0NBQB7SAdzOHmNEZSPrR8U 5UaReL5xWZIGLs5VBqouq9 2VvfTbJWcguP88dvnpH7hl 
best,7yyRTcZmCiyzzJlNzGC9Ol 3ZLyt2ndLFBh148XRYjYYZ 5aAx2yezTd8zXrkmtKl66Z 2os0aK782bakCPmjow0SU0 1Uq3IOIy1CUlHUgP6vWpum 4qYLPta5HZ36idWiXtqh7B 2os0aK782bakCPmjow0SU0 1qPK58q90l8KNoWyXsLI2Y 4qYLPta5HZ36idWiXtqh7B 3I0FBDc1c1BLNtXWKVjmFg 1eQBEelI2NCy7AUTerX0KS 5vEL3EpvP50ynXJqLon8yv 4zH4Cya0eAs9vFYKFNEUrH 35xSkNIXi504fcEwz9USRB 19YKaevk2bce4odJkP5L22 5xy3350chgFfFcdTET4xz3 4TGt6VkcfTfBnjD6utxMWE 2DGbSEkVncvcUJzFYN0V9y 11TpRtA1zMLeAPTLloNmG4 1EALzILzmIPtRIvYyo6Lwm 3LUHxoQ2fdLqSl6mU9925q 57fv04XaD5xJ6CdqjVVrK9 0I67c6jPoBxVkUwo02bZnD 5eNFX8wUn487T4PEl2Ratm 50OUltSwhS1CuwTJFhMgoB 4VZM71F8XAoLRuNyNLxwWS 2auwi1aYaUp4KIZUOsfH8K 65ENznU4hwrR04whyJboxr 7eqoqGkKwgOaWNNHx90uEZ 5GUYJTQap5F3RDQiCOJhrS 5iUQMwxUPdJBFeGkePtM66 6GG2tkV9PRYGN5rniXPFXZ 2VQc9orzwE6a5qFfy54P6e 3pcCifdPTc2BbqmWpEhtUd 1ZTt7Y3qSqOgbYf9MZwgCe 6hv7BNBgKYdBslWup3n13x 3LhtqibvTtjOUrzKs7Vsz1 3C47bG4rF1tEUMLpJidUY6 1X1QhgCIizXvEcSRGJWBbF 3F2J0IQQL0hQzlYwTdITV2 3dO7Vxm1jCMMYERtT8MsDE 0ClTFwZXaJA9v8T7IFQOm4 54RFwYNPsXFE2fKAq5cGm0 51Ru43YjHNP2uLcPoswSu4 7tkTgAmswU0hff8bgDyj3o 7losVq1SITExKIMVmOFEwz 5XK1xClRUXSwCUu4I0E1RV 1kuID2OOHYr4rJjsEMMRG7 7BSiSsmT0wj3lexy8bgydw 1cDw63eD8vBptJrPBrGfSI 
2016,7yyRTcZmCiyzzJlNzGC9Ol 3ZLyt2ndLFBh148XRYjYYZ 5aAx2yezTd8zXrkmtKl66Z 2os0aK782bakCPmjow0SU0 1Uq3IOIy1CUlHUgP6vWpum 4qYLPta5HZ36idWiXtqh7B 2os0aK782bakCPmjow0SU0 1qPK58q90l8KNoWyXsLI2Y 4qYLPta5HZ36idWiXtqh7B 3I0FBDc1c1BLNtXWKVjmFg 1eQBEelI2NCy7AUTerX0KS 5vEL3EpvP50ynXJqLon8yv 4zH4Cya0eAs9vFYKFNEUrH 35xSkNIXi504fcEwz9USRB 19YKaevk2bce4odJkP5L22 5xy3350chgFfFcdTET4xz3 4TGt6VkcfTfBnjD6utxMWE 2DGbSEkVncvcUJzFYN0V9y 11TpRtA1zMLeAPTLloNmG4 1EALzILzmIPtRIvYyo6Lwm 3LUHxoQ2fdLqSl6mU9925q 57fv04XaD5xJ6CdqjVVrK9 0I67c6jPoBxVkUwo02bZnD 5eNFX8wUn487T4PEl2Ratm 50OUltSwhS1CuwTJFhMgoB 4VZM71F8XAoLRuNyNLxwWS 2auwi1aYaUp4KIZUOsfH8K 65ENznU4hwrR04whyJboxr 7eqoqGkKwgOaWNNHx90uEZ 5GUYJTQap5F3RDQiCOJhrS 5iUQMwxUPdJBFeGkePtM66 6GG2tkV9PRYGN5rniXPFXZ 2VQc9orzwE6a5qFfy54P6e 3pcCifdPTc2BbqmWpEhtUd 1ZTt7Y3qSqOgbYf9MZwgCe 6hv7BNBgKYdBslWup3n13x 3LhtqibvTtjOUrzKs7Vsz1 3C47bG4rF1tEUMLpJidUY6 1X1QhgCIizXvEcSRGJWBbF 3F2J0IQQL0hQzlYwTdITV2 3dO7Vxm1jCMMYERtT8MsDE 0ClTFwZXaJA9v8T7IFQOm4 54RFwYNPsXFE2fKAq5cGm0 51Ru43YjHNP2uLcPoswSu4 7tkTgAmswU0hff8bgDyj3o 7losVq1SITExKIMVmOFEwz 5XK1xClRUXSwCUu4I0E1RV 1kuID2OOHYr4rJjsEMMRG7 7BSiSsmT0wj3lexy8bgydw 1cDw63eD8vBptJrPBrGfSI 
cash,222gtLodYqqg2aEThuEI2Z 2U5NrHirVZusBLQlohTbnZ 0HDJk7Sz8DpCsiJR1sjhEO 0g6mKqhGtUIEoLSmV8ozi8 6Ms01Gqi8gVBs14YrNUlVZ 6u0dQik0aif7FQlrhycG1L 7IpDQcksaT8SxS7vOX4SRm 4KhanrenBxgyXYkFCArMyd 0g6mKqhGtUIEoLSmV8ozi8 7t0RGhnXGBoVfy3Gakip8B 4RcSCt4PU4vcCY5xQVZzKq 6gRGMnzrsAY5Fl2byZf2jd 46X8c9qJzpBLYcos3OX0CE 1RKSWMAwBTuwhYkZlYskqw 2G7QCDuRM7rTj0pX21e0xk 7FIPeBAYCgqpZDZFKDIOiw 0hRPRbA2B1CYmGNhWhFjwF 53w2vsCVLYmgh15RhIwWsw 7vVIj8Tm1wCawjvwVZdeLD 0enlu8AeY3hR2taBJRW7GC 469v2YvryJ3zKe7IdzYOlj 6Q13UWFUuqXLXT7IUVkqM1 69QIVIjPMnI1ABLBqh9P1b 6zpPAVisAb7RQA6gqJKiyI 7xqANDRz8JFxkwfY65WISy 6PyLw3l6ndolBrTPQp3Ibm 1Dx8rIZaXzZPvUQRF2j9hB 5L0KDoZklMgs9GPoonneEl 3tJTzWkUdMLgPIPUzYIqBI 07FID3C2aFsjN15Gda7ENn 1EGXODDpL0ptF6MJGFiQoT 2fE4MbwX3QGMzNaMjGVhtw 6bWD65sXguqUE4AaiEXqlw 3d8PDk3B4am5c6TsUCznUW 3eqPSk51K6xyjnAjEk42Gb 6R8rLeHXwupIrEZDNZDMtL 4TlRWbhfg2FuwHrqaRp3EE 6V0P6ruYhYkixd3XpIt8wY 5aZsRVl7V7Wn8GKYCtqtkf 01IyLgH29kt46qu8hdwf8G 6VwBbL8CzPiC4QV66ay7oR 2wbOtvGBINPMtrD9u0KHlk 0dcf0L6F1LUA1nE2zWH4J2 6cR1U61DMpYbS2TtNTlSvo 61sQYdFNS6sEBYCyr1q5gn 0V4l4GQhgnWQGtCWpvA7va 4SF1747p541umnykBp352Q 6ebIWsHnUFD7pXMZUrz7OZ 4xXpuMj1agXiicS5jZovFE 0XHHeTdIIxDujqC1H1dYYW 
bus,4tCtwWceOPWzenK2HAIJSb 5CtI0qwDJkDQGwXD1H1cLb 7129iqBafaphfc3WPCGC0L 17Fd6Yb7mSbinKG8LoWfFl 3bidbhpOYeV4knp8AIu8Xn 1AhDOtG9vPSOmsWgNW0BEY 39afswHs17v53znQm1gDTY 40YcuQysJ0KlGQTeGUosTC 77hjM9bMmgfTGJXv14UFmi 6ihL9TjfRjadfEePzXXyVF 3UwT4FadEGWyMdaSwYcUBY 5i66xrvSh1MjjyDd6zcwgj 6ZANrVuAMp2rpjhfbOuJly 6EpRaXYhGOB3fj4V2uDkMJ 4iLqG9SeJSnt0cSPICSjxv 5oQcOu1omDykbIPSdSQQNJ 4nMlau89VAjmV7agkl7OY3 5bcTCxgc7xVfSaMV3RuVke 0prNGof3XqfTvNDxHonvdK 43ZyHQITOjhciSUUNPVRHc 3gHc5XTAywdFQUsHS6DD7G 4rfaoyaZvNa60cj3OKSQV9 1CnPYaKxTVb4LWOtiGOm0m 6WjmPTZKeDylStKmGHLcqQ 6rjnRocdCULjLF61x2NR5e 65p9vJoCVLl4FblR1IDWQG 22k97IzqwfJvz1Fk0C5nW1 70zUEijuYRA9thn11rPY9x 2imoPg5wVO2ZinBFKujxVi 0KKkJNfGyhkQ5aFogxQAPU 2DPYlWl50ydYsnnuryL5aX 5kRPPEWFJIMox5qIkQkiz5 33SNO8AaciGbNaQFkxvPrW 5LABCxgmP7DATATIJXOh6n 1I6pKIyaBp4OebTGLJpCCC 36tghkPg1AO4HsAzo6YpPp 6Cfy5wwz2S0TpF6KhE30er 17AtR2mHWKdDXCPUFydJKL 4wTChU0tU44TAMC0xcQizi 252YuUdUaC5OojaBU0H1CP 3IEb6eoUOVEPp4wvGcBbx9 5Z3GHaZ6ec9bsiI5BenrbY 0ofbQMrRDsUaVKq2mGLEAb 14OxJlLdcHNpgsm4DRwDOB 5tz69p7tJuGPeMGwNTxYuV 5bgwqaRSS3M8WHWruHgSL5 38yBBH2jacvDxrznF7h08J 1sCxVKWImDZSZKvG0U9B23 3s2FxrA4ZXbTR6SlH6LXh9 7y9iMe8SOB6z3NoHE2OfXl 
musical,6O6M7pJLABmfBRoGZMu76Y 69bp2EbF7Q2rqc5N3ylezZ 1xznGGDReH1oQq0xzbwXa3 4tCtwWceOPWzenK2HAIJSb 5Q0Nhxo0l2bP3pNjpGJwV1 0PJIbOdMs3bd5AT8liULMQ 12REd1n8PeiHHWOh066tpr 3ESSGgWzRf1xvP7G5hHMhB 7ID2dydg1QFuWObmdhwzfm 7129iqBafaphfc3WPCGC0L 0sFvItEeMstcUyZCleYgyj 2CvOqDpQIMw69cCzWqr5yr 1VdZ0vKfR5jneCmWIUAMxK 3hB5DgAiMAQ4DzYbsMq1IT 1Slwb6dOYkBlWal1PGtnNg 4NYwy0R3NdvORX2B6OZXBT 0QsvXIfqM0zZoerQfsI9lm 1wHZx0LgzFHyeIZkUydNXq 13HVjjWUZFaWilh2QUJKsP 1Tt4sE4pXi57mTD1GCzsqm 14WWzenpaEgQZlqPq2nk4v 22mek4IiqubGD9ctzxc69s 6hmhG1b4LEyNuashVvuIAo 0pn6qyOJYNwP9nhGg3L7dV 64GRDrL1efgXclrhVCeuA0 6mzaCRuLTRiz1caGOum3zT 3CRDbSIZ4r5MsZ0YwxuEkn 6fxVffaTuwjgEk5h9QyRjy 2YlZnw2ikdb837oKMKjBkW 4kbj5MwxO1bq9wjT5g9HaA 0k6DnZMLoEUH8NGD5zh2SE 1oQZk2bKBLgP1cbuFKvjkq 7oGZAicScQt96OAW4AruYy 7t2bFihaDvhIrd2gn2CWJO 7kqcudBGM74MXVoYMaoWkC 25khomWgBVamSdKw7hzm3l 4r4V1wYecTxSAAXV11cFPD 6ZANrVuAMp2rpjhfbOuJly 7x5xYW5W42OGPAdHUyyguy 6RsWqX8zABZLhZydXxEFOm 6gj08XDlv9Duc2fPOxUmVD 5NQbUaeTEOGdD6hHcre0dZ 5l3CML2OnzfNs5RfVgbcLt 7bJwvubZZaoGE1AGEfu8Fi 7bmqcI1HQwx1PWwYyZO0lg 2TRFIQpTqq12xGpFJEr0Ft 0PDUDa38GO8lMxLCRc4lL1 5xdVqHtFS0eLuNp4Z8Wbpa 7EsSVPxaYoAZjQwhspJBs2 4eSGSqP2TZvvX0kadZZttM 
volleyball,5CtI0qwDJkDQGwXD1H1cLb 4tCtwWceOPWzenK2HAIJSb 1xznGGDReH1oQq0xzbwXa3 5XJJdNPkwmbUwE79gv0NxK 1yxgsra98r3qAtxqiGZPiX 2gam98EZKrF9XuOkU13ApN 2y4lAQpi5VTNLu2ldeTdUH 7BKLCZ1jbUBVqRi2FVlTVw 5Q0Nhxo0l2bP3pNjpGJwV1 0pSBuHjILhNEo55xK1zrRt 0PJIbOdMs3bd5AT8liULMQ 3xqF04FdMK7gpIPG3SPFpY 0i5el041vd6nxrGEU8QRxy 3a1lNhkSLSkpJE4MSHpDu9 5y69gQtK33qxb8a24ACkCy 4NYwy0R3NdvORX2B6OZXBT 5maiP9UMnTSgoxPX8X3bdz 0azC730Exh71aQlOt9Zj3y 3cHyrEgdyYRjgJKSOiOtcS 0QsvXIfqM0zZoerQfsI9lm 7d1CFwrBmH34gmS0Hkbfbt 5XzmZjXhMjDHr7ZfJ6DELQ 4kNvYhyl8R6m1vykVkcuBu 0tKcYR2II1VCQWT79i5NrW 5OMwQFBcte0aWFJFqrr5oj 1TfAhjzRBWzYZ8IdUV3igl 3uoQULcUWfnt6nc6J7Vgai 6M6Tk58pQvABy6ru66dY3d 46lFttIf5hnUZMGvjK0Wxo 3aIhJDHxr1kgTSnutJxPTH 77hjM9bMmgfTGJXv14UFmi 1rIKgCH4H52lrvDcz50hS8 1Y4ZdPOOgCUhBcKZOrUFiS 62LHRv9uwSNlBmByQF5jdE 2eJ8ij1T3cNUKiGdcUvKhy 2oENJa1T33GJ0w8dC167G4 2TRFIQpTqq12xGpFJEr0Ft 0lQ08hbjK1umHjCYvUrmCp 6DNtNfH8hXkqOX1sjqmI7p 3fo6DYGktjENCiagUeU9yH 2i0AUcEnsDm3dsqLrFWUCq 72jbDTw1piOOj770jWNeaG 5AyL2kgLtTWEu3qO3B9SqK 7fYbFYt7X4FZvuJJC90EX0 7uoulrMQgFZFAIEpRPvewL 6EpRaXYhGOB3fj4V2uDkMJ 2dqLk7ezV15LEJEwUmEbXB 5jPyymL6gQyJNMMnMX1IMx 5FQazQxWUHsJ8QDaXLdFzR 7yMnml7zdYl5LlDFZPm5Hd 
ride,7yyRTcZmCiyzzJlNzGC9Ol 2KpCpk6HjXXLb7nnXoXA5O 3ZLyt2ndLFBh148XRYjYYZ 7KXjTSCq5nL1LoYtL7XAwS 3nAq2hCr1oWsIU54tS98pL 439TlnnznSiBbQbgXiBqAd 2gZUPNdnz5Y45eiGxpHGSc 31G9RaSaDOI2NWcpnIp734 6fAyRZ0GHuuvSOEIOwi58N 5OOkp4U9P9oL23maHFHL1h 2nBI3iWLhupR7LyAJ5GGkE 20dP2DaMHIAmwWAbp7peSr 0v9Wz8o0BT8DU38R4ddjeH 6HZILIRieu8S0iqY8kIKhj 4qikXelSRKvoCqFcHLB2H2 27GmP9AWRs744SzKcpJsTZ 7xVLFuuYdAvcTfcP3IG3dS 722tgOgdIbNe3BEyLnejw4 0uFvvXbmGIXlf5ZgtHyYpf 1qPK58q90l8KNoWyXsLI2Y 3NJG6vMH1ZsectZkocMEm0 51EC3I1nQXpec4gDk0mQyP 55OdqrG8WLmsYyY1jijD9b 7yNK27ZTpHew0c55VvIJgm 5c7yH6ivcTqyHcMkHWTiFY 0DknII9CrtEehLjFpO4c2R 2Kbxfq8wkjMCno1QJe4yyw 3KiEydhjn7yf58h9jBD5Sa 7ogioiNh3fJy2M2AsHM6mZ 39RWgrQOBCLQH88wy0TBm9 5ftHKQmo0AyR4VcLEEjl4T 7G4rtRR1pWzkcGv0K209o4 4awpwf3TeFWOtLiswRbKfr 6iLgI1bt8nZ8JAls44sxDp 4cAgkb0ifwn0FSHGXnr4F6 79reBHqpRoWXaQbjBBY3UC 4YPafsGyzXWry3ZWUAhYBn 4BP0An7SXctTY4kF41JxIQ 0gpFiquPvir7e3RrM4kii9 5H25xsIuRWUI8GwcoAoeSG 5Ns6jJf4gjm8gAmDgGVGD6 006yrnQMCZpiUgkR612gC8 1SGt65i9AnXYdDQt1AtDRH 2rqUblDWJKlMVwh9uJc0Vv 3MnbXlC1N7GdS9M8HzA6no 1UGD3lW3tDmgZfAVDh6w7r 5243RHbTTd4oci9YjktHBW 3rbNV2GI8Vtd8byhUtXZID 5qkWTBmDmZjogwIvbKtJQv 4bdJHQp90ymjEIkkYhcENB 
old,7o2CTH4ctstm8TNelqjb51 4bHsxqR3GMrXTxEPLuK5ue 2SiXAy7TuUkycRVbbWDEpo 2Z2vOukzwOgqR4dkymRSWd 3KYiA4vq6RPO1dE2XROXd8 5T8EDUDqKcs6OSOwEsfqG7 2LawezPeJhN4AWuSB0GtAU 1AhDOtG9vPSOmsWgNW0BEY 2tUBqZG2AbRi7Q0BIrVrEj 2fY6tqgrlrg1ky9fgs0t5u 7lQWRAjyhTpCWFC0jmclT4 1fDsrQ23eTAVFElUMaf38X 1SLikaDhWhhhnLJC58bkFI 5vdp5UmvTsnMEMESIF2Ym7 1lzr43nnXAijIGYnCT8M8H 5lXcSvHRVjQJ3LB2rLKQog 4oDZ5L8izBals6jKBJDBcX 4EnkwZd0UJAuHpNMMemQaA 4sFbojhVXQv7dBC9PVCcRn 4CJVkjo5WpmUAKp3R44LNb 5tVA6TkbaAH9QMITTQRrNv 0RFgvrhkf9FiDRLA0BhzpZ 0ikz6tENMONtK6qGkOrU3c 2iXdwVdzA0KrI2Q0iZNJbX 4Z1fbYp0HuxLBje4MOZcSD 40riOy7x9W7GXjyGp4pjAv 1vYew137WJ69SFp9oez3xm 4yugZvBYaoREkJKtbG08Qr 7b4yGtR0rujvLi5EBfKKJ2 0BgbobvykXxEvxo2HhCuvM 4YR6Dextuoc3I8nJ0XgzKI 0J6mQxEZnlRt9ymzFntA6z 0qRR9d89hIS0MHRkQ0ejxX 2zvot9pY2FNl1E94kc4K8M 2WfaOiMkCvy7F5fcp2zZ8L 3YBZIN3rekqsKxbJc9FZko 7o9uu2GDtVDr9nsR7ZRN73 5ghIJDpPoe3CfHMGu71E6T 6I3znxz3ito6QiZb7om2T7 4BP3uh0hFLFRb5cjsgLqDh 5C0LFQARavkPpn7JgA4sLk 2oxWmwLmnVkBujTbllajwo 3bi5bTs4vAyOqpKIZ2dP1N 2gE95JskwQ1pCACTpGe1Db 0vFOzaXqZHahrZp6enQwQb 0MYNeFsKpzBHwrJGfWZysV 7hxZF4jETnE5Q75rKQnMjE 1bp2IO61zbQrbWNmKKxg3f 39shmbIHICJ2Wxnk1fPSdz 35zGjsxI020C2NPKp2fzS7 
eurotrip,2KpCpk6HjXXLb7nnXoXA5O 3xqF04FdMK7gpIPG3SPFpY 6gOirCUz62z0mFhCJ6P5KC 0qRR9d89hIS0MHRkQ0ejxX 3G9ETaH55bMQx8hwNhAgbU 5eeMft4YZx0Xdf9yJPNZJY 7pzdiluN2tVrxsFGyM2Asc 0weAUscowxeqDtpCgtbpgp 0DiWol3AO6WpXZgp0goxAV 23SZWX2IaDnxmhFsSLvkG2 5G2oBm45yLpiJ59sRAuRLt 0LJ6WfVftyL8pBH7nu35Dc 0Qw7qGuXlVBZLcfoQ17yZn 2ihCaVdNZmnHZWt0fvAM7B 6YbhspuOar1D9WSSnfe7ds 0LJ6WfVftyL8pBH7nu35Dc 6UiNUFr75JalOVO4eNwJ0q 4Jz4bjXeiF2SXVj9P4YfY5 2DsCJbMZVnhejenFWrO6My 56KqaFSGTb7ifpt16t5Y1N 3voA7jcES21idqh8dflNim 59FYUvlodY7NCZGHk7yJt1 0yLUtLWUta7hz41kSdOYxF 62hfdATBhYxe6y7vPUhLwn 58NcFB7kNMOzYkS3qzME4C 0PDCewmZCp0P5s00bptcdd 3CiPunzgvlLdvJj0bUErJd 0qG1teoBvooRo7Z5Z8edCk 3es4YuDY98Lw3mdXfsh8Mj 6kotXaSQaGYxE62hVpdHWu 43z6scIZU2QcEieMQFAJRG 4p7EYvJ6yWEjZDZuguSti7 1PPTlPJqKuL0fdoTmzwXJy 1JbWJ450grmSwQNiOk9ke2 55l3ZlpxGMKkVqs41yXChK 0WkFzqiUXv5op9Qmxx05iM 7DUpuAzGUyJaJB3p9BC3Ms 5U2m76qAMdr3gXI0g6ptlG 566hBMxIuwBFJWDgw7FfMH 4JXeFNodvQJX4BJberWUFU 2LDnSRkicgPDEJyB2AGX2t 6cikNK29TJAKKZP8yf7ekP 6wWxr5Vkx2HKcmN1R1tELK 2PHjonbOla16RwCUqkgCtI 06EL94D0TA27Ik0Ke5usbj 0UBUnp3ggZivpFWGQxoSok 7cZ6di7lPutvXbhQ7QfPn3 7jArWcupwt9u6woJ9EdQlM 1PkoLMoX7j5ZVC0bnKhUY8 4kAvtXKZ2fVPzhYKrAbdoZ 
drank,7yyRTcZmCiyzzJlNzGC9Ol 34oWbFBfGEElvgO0a5c9V4 20LxTsa6936zOlzTWqoPVt 3ESSGgWzRf1xvP7G5hHMhB 3pfXxHoydFRfD7IBGJTQAN 2EEeOnHehOozLq4aS0n6SL 62vpWI1CHwFy7tMIcSStl8 4w7yrP4RAeeyhfG9nJqQvS 0sFvItEeMstcUyZCleYgyj 4scpF6J5uMBvoh6sFB7EL1 4KW1lqgSr8TKrvBII0Brf8 5maiP9UMnTSgoxPX8X3bdz 6Ius4TC0L3cN74HT7ENE6e 5v7kaZNsnyByrSJOfO8gKq 4Km5HrUvYTaSUfiSGPJeQR 0LWQWOFoz5GJLqcHk1fRO2 7MCNnnmwm7TXMh7xyNGohi 7kqcudBGM74MXVoYMaoWkC 20IZ0jYjnFO0NxyiaRsJwb 4jTiyLlOJVJj3mCr7yfPQD 1Ser4X0TKttOvo8bgdytTP 4P6BuLsqtg5uISdE77ypI9 7t2bFihaDvhIrd2gn2CWJO 1JClFT74TYSXlzpagbmj0S 5suEtW2DUAfvroohjzgatb 4CNXhhr5k0PXv99toGlA0X 03tqyYWC9Um2ZqU0ZN849H 0SGkqnVQo9KPytSri1H6cF 1uDjaezEbalGyGnuH80zDK 5AyL2kgLtTWEu3qO3B9SqK 1XHjU0TGIgl5lMFKAF25Y3 1LxKKYsJNPeBdOwdudsJzv 2IGr3q6ljcpLvHDFLtI0yW 1rEHQCkmLYY0CDrIborSoF 7qqtYJj2vaSiZcYq4AyIne 27PmKcvsjXp7G1IQgLUkYY 69bHJ9qs5FrUJbKP8xU8uZ 1ACZpHI5vZ5Ea4xGlkdGWM 6225vlQNgif1W5dE5KN6Y6 55DuTmvSGwNQR4cBgqYuYL 0srwKuJPH8yBzzFUJMBQM2 39hnH8WdPmNT3Q3yzwC9Rg 5UPNBWFU2TEf9kauIITfBs 2KB0DJBN3GPoXe9ZJPKE3u 6mrtYbRMfnbmVhOqa8EWSj 2aCis7fAGyeJufVbFbiKG9 3xJj1mU7B83yop2dA03Smk 5fFTUGeABXRjwl2r9YWBlG 7lQ8MOhq6IN2w8EYcFNSUk 6lbhWl34Il0WXm5pX1fM9E 
top,2Z2vOukzwOgqR4dkymRSWd 5nkYHBWXu7KCgcdwP6jcB1 7yq4Qj7cqayVTp3FF9CWbm 6RtPijgfPKROxEzTHNRiDp 5VGlqQANWDKJFl0MBG3sg2 7iOyMOxdOULvXqUqC26spJ 2QjOHCTQ1Jl3zawyYOpxh6 3yZQk5PC52CCmT4ZaTIKvv 2ihCaVdNZmnHZWt0fvAM7B 60ZGteAEtPCnGE6zevgUcd 4Kz4RdRCceaA9VgTqBhBfa 7G0PgkkbavF7Rh4zNrUxH0 6vTtMyCg96xwpoIBws9K0Q 6RcQOut9fWL6FSqeIr5M1r 4dyx5SzxPPaD8xQIid5Wjj 5ghIJDpPoe3CfHMGu71E6T 7t0RGhnXGBoVfy3Gakip8B 0IqKeD8ZSP72KbGYyzEcAs 3rq5w4bQGigXOfdN30ATJt 6xOGRfEr41CdiSc3ifLels 7a8GawTVgHZvBLQOh46he7 48q0vSHcJdhK3IiXH8C5WJ 09zDgbs5NQH1kKFXHppYhr 4Iy0rjo4IIrhvQfPHuuhIW 1TdbNBOb26QdwAy3ljb1wS 7tvOve5IkjYenvqScZ75iQ 1yzbqrSF0vuaO7nuKYSd6f 1HmGRwVuWT75ti8dzs5Glt 4HRa9ZWcmZ8JD7UySPu0wT 1fcl0TXhlWip8vb6YnIk2T 633TjzvG2smpc0aYgN9Xkd 4WMuY659P2MKnoW40oGXe8 6lQPjlK9jPN9oPnSltqDXR 7adRwVME0exNJNKjARKpzx 0Ylaocf86J0PZAhjAP8wzl 1GcT1n4CCo0Mqcyu7fjOM5 7brQHA2CgQpcMBiOlfiXYb 5v8aEcHcaJIGYpfVVPtJjI 152ANCuCtaK7mkhyFubrRG 6VNyUx7vZTkLzM1vgV4HIW 6wtcxwSJs82tpdeIoj93LF 4j4pPKE3xAblPIbhxScC1j 46Kcradxrva9Dny4lHU1b3 4bPQs0PHn4xbipzdPfn6du 00h6syYCxPKVsInPHXhdZ1 2HHiH52OPxe8qyVO7N4uH7 3ZMv9EzGoteNi5Qnx0KpEO 1D066zixBwqFYqBhKgdPzp 1u6GCyU5atrzrAqwC55og1 6aVeSCobcOjIkMFARN9B7l 
blue,0lfsVz0CeAHluoXFJW2nBa 31nFHa22zogyzt2yYKcRuE 31Ue8AHEa3CVI7iUfZ0TrP 21iQgPErTGG0EKBwVJ0Vgf 3n7qWwCBRK6Oh6B2Rt60r2 0W1zP2xl3UUGJXeVnApnKP 0A6zXwg8hBYjpBTq0IINrO 3dIh35i2bOXOHphduQwCWc 4ggHIiiWyH2q58qESPk4iQ 4XaJQbFbLyJetrqP9IbPzM 59OcOolqBMJtRxcko73IwH 1spi3DpfEyKtA0hHj5zDnH 4cCjAPmNGbBXwZl0XYIjTO 3H88Mnt8OpEVKqtFK4VvLt 7bpFwCQ1tFlVOhlALoSMBh 5qtmrlHypcqqy3hhsdrpyT 3dKy5PaFGO8L8etG4qP7KE 62a67SA7NmTFkgF5edQcZI 4yvJevn11hCuYsPsfPMfKn 1ULYrErlsXHp6rzBQD0LmY 21Syc3I3lliMZdmplU9zfr 2oTItnvqN9MnYpAbJcsNgj 7esZ0EPs4WhKPZWyZJCP39 2QLSg7Fi2CAu35VyrgdaYa 6znLOrLP7DG7smoZfwrs8t 1ZiY7ffwj0khIE30hoJqXS 41Jz4nBsKoSIveg3QmgsiU 4Mw9Ilo29gdzasfupAbXia 2WEENP4moT4YJxQKma8w1C 04ilBEd1FVUhpv9ItR6yTN 5jnChbOA5pib9C99N9deMb 4RuMlQpfyqkydgXjr2yCjm 5UPCdyS55cO6gQCPikQkwt 0eZJhqEVzLTwE3lj1eUBY8 66P9wnD4EotAfZzHkNP7YN 4ZdJFN5NAGI9cx45kxz2HM 58NuB95v8bQE6zWUnMQV64 77z9AoU2rlC1fe2MCTCtOl 53IyqtUfdCuKtvh9jv1xpW 5Lv0NDqswhB9AjFxF9cekn 2sHeyqXcjDLMaCXQCpXJQR 6z2l72DzbPkn1brtEjGmvm 1Pijm0nNao6YS1rtggZPbD 1K2usCW8UlA7tDCY4L38gb 4KZ1j8emlM8RSnrWM9fiF0 4sw262FrZcCnUA0jDtXh4h 3Q2blCHzuOk9K9zd1tJPmC 5l8Oxo7YF65nrcH41EQJy4 50N33zD2pWcSS3wUUKDPqv 0qjcSwsj78rSG6L8w31Hpl 
grass,0lfsVz0CeAHluoXFJW2nBa 31nFHa22zogyzt2yYKcRuE 31Ue8AHEa3CVI7iUfZ0TrP 21iQgPErTGG0EKBwVJ0Vgf 3n7qWwCBRK6Oh6B2Rt60r2 0W1zP2xl3UUGJXeVnApnKP 0A6zXwg8hBYjpBTq0IINrO 3dIh35i2bOXOHphduQwCWc 4ggHIiiWyH2q58qESPk4iQ 4XaJQbFbLyJetrqP9IbPzM 59OcOolqBMJtRxcko73IwH 1spi3DpfEyKtA0hHj5zDnH 4cCjAPmNGbBXwZl0XYIjTO 3H88Mnt8OpEVKqtFK4VvLt 7bpFwCQ1tFlVOhlALoSMBh 5qtmrlHypcqqy3hhsdrpyT 3dKy5PaFGO8L8etG4qP7KE 62a67SA7NmTFkgF5edQcZI 4yvJevn11hCuYsPsfPMfKn 1ULYrErlsXHp6rzBQD0LmY 21Syc3I3lliMZdmplU9zfr 2oTItnvqN9MnYpAbJcsNgj 7esZ0EPs4WhKPZWyZJCP39 2QLSg7Fi2CAu35VyrgdaYa 6znLOrLP7DG7smoZfwrs8t 1ZiY7ffwj0khIE30hoJqXS 41Jz4nBsKoSIveg3QmgsiU 4Mw9Ilo29gdzasfupAbXia 2WEENP4moT4YJxQKma8w1C 04ilBEd1FVUhpv9ItR6yTN 5jnChbOA5pib9C99N9deMb 4RuMlQpfyqkydgXjr2yCjm 5UPCdyS55cO6gQCPikQkwt 0eZJhqEVzLTwE3lj1eUBY8 66P9wnD4EotAfZzHkNP7YN 4ZdJFN5NAGI9cx45kxz2HM 58NuB95v8bQE6zWUnMQV64 77z9AoU2rlC1fe2MCTCtOl 53IyqtUfdCuKtvh9jv1xpW 5Lv0NDqswhB9AjFxF9cekn 2sHeyqXcjDLMaCXQCpXJQR 6z2l72DzbPkn1brtEjGmvm 1Pijm0nNao6YS1rtggZPbD 1K2usCW8UlA7tDCY4L38gb 4KZ1j8emlM8RSnrWM9fiF0 4sw262FrZcCnUA0jDtXh4h 3Q2blCHzuOk9K9zd1tJPmC 5l8Oxo7YF65nrcH41EQJy4 50N33zD2pWcSS3wUUKDPqv 0qjcSwsj78rSG6L8w31Hpl 
brad,6jsvHrnb4TFp9X4Samx3jD 1tpLxOKuAaRCViAxf2pgNr 3XKbdb9GB6u3hsnUklQTav 68iwafs32FXpAIDWqU8wdU 3cE5ltZFHmBpiS77itKaOM 3OMpIoONQH8rSscaZLozFQ 3hUL1sPjrLFXS6mUfEDs2Q 79Fdz2IcUMGzdcLWUvtELs 7ebCto1KdVyXp3kl3kWVS8 2EUHzmBZux7SSra71cGkIB 2EUHzmBZux7SSra71cGkIB 68Pux358EOhXmQqln37bj4 3pkzJjJXfdDjhpXx639MIH 6enPOmd3vSFpI4jjms8kXN 5nWgEBtaRwVrCMjer1RtLm 7kB1UXxStzSa78NdiexiIS 0nCU6JTonBdrIKpxErujKu 7GQjJEwqlp6m5HNWVQd6OR 7DYswEnZFL6SKaNLTxBf5b 1IO13V09b01gLSbmZJZ9dM 14UE0L5fL5TL0ohEiAv56X 6Ray43gNA6LZxareyESwNk 6hVgzcyMmjNKaJn5VRZX3H 2SZYBG86b5hTFssCSusaII 5vhHPVZaW0UG38tjB3NEeW 74mZKvZcZzzvbOnt8NfWda 6NN1Zk7jLkFcFhwjMWe9mN 12O2LfSV2VT9WkZ66C3VbU 0SYGlCFsVzICi9Ol2ytZIx 2X1plt1klaPU2Nqp7o7yEs 3FmbcnN5g3tesLmBcoL9oM 6BJ4hKkkbcs3IrLlNx71R8 6ARQkKEruUlpjM0dcEYBQR 6X5vEOyXsJjdxw270Cg6jo 5z1T8M153gyxX6IKJemYX7 7xJqaCgeteqWPogqjjxkBl 2jwaErbghhcia4JqUYWz3g 0y44Oz1T9uWDKg4SFDWRWH 2D2tn77f5ZrADmf8h4zR3t 2eT7KWlYDDvh6680cGEpsm 6BCrbWBpb8d6KWmEqZ41tr 27aDju7VAODvQYHWrrv6o9 3un2KQUaQ2brEpd8dK93wI 1TKXEcpmuV3FIOvzVHsTeR 4CcrLWFQY4dRGMbUR59cSp 2EvddT8rcO99bKH0rDHAYG 6dugKAQvGqpPYD76w518tQ 1Nv0CRk2iNXDHWgqH3Tr1z 5BNgkhr9nadjc1cJGpeJAs 41OvINy2RjLet11iW849vX 
paisley,6jsvHrnb4TFp9X4Samx3jD 1tpLxOKuAaRCViAxf2pgNr 3XKbdb9GB6u3hsnUklQTav 68iwafs32FXpAIDWqU8wdU 3cE5ltZFHmBpiS77itKaOM 3OMpIoONQH8rSscaZLozFQ 3hUL1sPjrLFXS6mUfEDs2Q 79Fdz2IcUMGzdcLWUvtELs 7ebCto1KdVyXp3kl3kWVS8 2EUHzmBZux7SSra71cGkIB 2EUHzmBZux7SSra71cGkIB 68Pux358EOhXmQqln37bj4 3pkzJjJXfdDjhpXx639MIH 6enPOmd3vSFpI4jjms8kXN 5nWgEBtaRwVrCMjer1RtLm 7kB1UXxStzSa78NdiexiIS 0nCU6JTonBdrIKpxErujKu 7GQjJEwqlp6m5HNWVQd6OR 7DYswEnZFL6SKaNLTxBf5b 1IO13V09b01gLSbmZJZ9dM 14UE0L5fL5TL0ohEiAv56X 6Ray43gNA6LZxareyESwNk 6hVgzcyMmjNKaJn5VRZX3H 2SZYBG86b5hTFssCSusaII 5vhHPVZaW0UG38tjB3NEeW 74mZKvZcZzzvbOnt8NfWda 6NN1Zk7jLkFcFhwjMWe9mN 12O2LfSV2VT9WkZ66C3VbU 0SYGlCFsVzICi9Ol2ytZIx 2X1plt1klaPU2Nqp7o7yEs 3FmbcnN5g3tesLmBcoL9oM 6BJ4hKkkbcs3IrLlNx71R8 6ARQkKEruUlpjM0dcEYBQR 6X5vEOyXsJjdxw270Cg6jo 5z1T8M153gyxX6IKJemYX7 7xJqaCgeteqWPogqjjxkBl 2jwaErbghhcia4JqUYWz3g 0y44Oz1T9uWDKg4SFDWRWH 2D2tn77f5ZrADmf8h4zR3t 2eT7KWlYDDvh6680cGEpsm 6BCrbWBpb8d6KWmEqZ41tr 27aDju7VAODvQYHWrrv6o9 3un2KQUaQ2brEpd8dK93wI 1TKXEcpmuV3FIOvzVHsTeR 4CcrLWFQY4dRGMbUR59cSp 2EvddT8rcO99bKH0rDHAYG 6dugKAQvGqpPYD76w518tQ 1Nv0CRk2iNXDHWgqH3Tr1z 5BNgkhr9nadjc1cJGpeJAs 41OvINy2RjLet11iW849vX 
fun,7iOyMOxdOULvXqUqC26spJ 5L95vS64rG1YMIFm1hLjyZ 3UajtqBR1vopHl4EVQutul 7wGoVu4Dady5GV0Sv4UIsx 1ysAvOdJgUjc6CqOQxepaz 2mNbgyi0gori4b1rFSPgIb 0dyiHoYbYjYaOEXLpmzQZG 5r011NB07RHjABbuVGVIbd 5yvhdo8FXbBsIllxv2Rr94 6Vmow8PuUaU7W1T2WWLZk2 5bEWOLd16LP0z4W8fneLZd 0bPSRn4crnh5f1JhELPlyL 5ztCcMNmFiq5ZnID9jY9SP 4B6BiC4TZUbvXMbrdx2rhq 0Z9HQ8YvHqdeOjTwsR3cS7 2QqaJDUOppTtjJLhTMNN5R 0rurOLe6Zi1jl1fbf586vW 1qyfHX6bkM1IhCSTwBHE7q 7FCfMXYTIiQ9b4hDYs4Iol 7MUNNBJKYo3cdokp06wEOB 7ANmgFJ8YDBh0uUOfSeYrX 2id1xnRQloCopsF5IFRY15 5o4yGlG0PfeVUa6ClIyOxq 6gU9OKjOE7ghfEd55oRO57 1g1TeDflB6atAy7HKwrzXu 1JuChOEPH0Rceq573FGQSK 7vGuf3Y35N4wmASOKLUVVU 6TWSVHx6z6E42JiwloGv1k 1p6bEgeBsRdsxl8HoRWYEB 70QCJwpiTcvN8t7scWHjZh 54FaLGA2BMZYhEoJKanvfq 1DRW9bQzt2SE8f7H4KJZyL 1OxL1FWSEd7QmJoWLRP2NO 6ecAkpOqGXQOkISSy5WWfi 6R6ihJhRbgu7JxJKIbW57w 7l7HVACeP9u8FZ4dVCydTR 2rE9TX3VQ0WNt7kziFhKep 17aDyX39gb1iV1ZWvD1ffE 0jeJR3LdrC2QJNviq7wjzp 70wYA8oYHoMzhRRkARoMhU 0XyeD5XgusMHQlEVlUfxSn 5rnFOEEIBIWZ6dhHrY6zHh 5p7sELomeqtq9ypH3VeVH1 4BdGO1CaObRD4La9l5Zanz 0H8XeaJunhvpBdBFIYi6Sh 5NfpIjvaqEbrG46NmE3adV 50EsWUxLBSS4nQnTuagVjF 0QCymIumn4YPTlKOuvDsS1 37wue2fDZqVGNccW03p1Sk 5O4meQrvNMz9QmjXXiHnqH 
note,6O6M7pJLABmfBRoGZMu76Y 69bp2EbF7Q2rqc5N3ylezZ 1xznGGDReH1oQq0xzbwXa3 4tCtwWceOPWzenK2HAIJSb 5Q0Nhxo0l2bP3pNjpGJwV1 0PJIbOdMs3bd5AT8liULMQ 12REd1n8PeiHHWOh066tpr 3ESSGgWzRf1xvP7G5hHMhB 7ID2dydg1QFuWObmdhwzfm 7129iqBafaphfc3WPCGC0L 0sFvItEeMstcUyZCleYgyj 2CvOqDpQIMw69cCzWqr5yr 1VdZ0vKfR5jneCmWIUAMxK 3hB5DgAiMAQ4DzYbsMq1IT 1Slwb6dOYkBlWal1PGtnNg 4NYwy0R3NdvORX2B6OZXBT 0QsvXIfqM0zZoerQfsI9lm 1wHZx0LgzFHyeIZkUydNXq 13HVjjWUZFaWilh2QUJKsP 1Tt4sE4pXi57mTD1GCzsqm 14WWzenpaEgQZlqPq2nk4v 22mek4IiqubGD9ctzxc69s 6hmhG1b4LEyNuashVvuIAo 0pn6qyOJYNwP9nhGg3L7dV 64GRDrL1efgXclrhVCeuA0 6mzaCRuLTRiz1caGOum3zT 3CRDbSIZ4r5MsZ0YwxuEkn 6fxVffaTuwjgEk5h9QyRjy 2YlZnw2ikdb837oKMKjBkW 4kbj5MwxO1bq9wjT5g9HaA 0k6DnZMLoEUH8NGD5zh2SE 1oQZk2bKBLgP1cbuFKvjkq 7oGZAicScQt96OAW4AruYy 7kqcudBGM74MXVoYMaoWkC 7t2bFihaDvhIrd2gn2CWJO 25khomWgBVamSdKw7hzm3l 4r4V1wYecTxSAAXV11cFPD 6ZANrVuAMp2rpjhfbOuJly 7x5xYW5W42OGPAdHUyyguy 6RsWqX8zABZLhZydXxEFOm 6gj08XDlv9Duc2fPOxUmVD 5NQbUaeTEOGdD6hHcre0dZ 5l3CML2OnzfNs5RfVgbcLt 7bJwvubZZaoGE1AGEfu8Fi 7bmqcI1HQwx1PWwYyZO0lg 2TRFIQpTqq12xGpFJEr0Ft 0PDUDa38GO8lMxLCRc4lL1 5xdVqHtFS0eLuNp4Z8Wbpa 4eSGSqP2TZvvX0kadZZttM 2K87XMYnUMqLcX3zvtAF4G 
legendary,2LawezPeJhN4AWuSB0GtAU 5EWPGh7jbTNO2wakv8LjUI 2zvot9pY2FNl1E94kc4K8M 4sFbojhVXQv7dBC9PVCcRn 5lXcSvHRVjQJ3LB2rLKQog 11Tm0hw3DDF1gqU0kSEwiC 4gMgiXfqyzZLMhsksGmbQV 4fQMGlCawbTkH9yPPZ49kP 3Z7mFVDy2izZNCvUWGy13Z 7AL6qzIDHIX7pEUWrzNiIs 0QwZfbw26QeUoIy82Z2jYp 0wJoRiX5K5BxlqZTolB2LD 0iA3xXSkSCiJywKyo1UKjQ 1dv3ePjze9tPq2pk8eWJdR 1C4yOUEjCUyPkxRDwwFksG 3v9xlH6BpmRbqL7hgNJhfT 6kZFIsYCBeuH0f1zGk1UoM 4hq0S6wznq7SHDyMOFXL9i 63OFKbMaZSDZ4wtesuuq6f 7aghcqWLL9hGMIb0VFdbyD 63rva3TBizr6x1Yp5uwKfD 6DmfWj5kOa1fX8AwN9byOn 0LrwgdLsFaWh9VXIjBRe8t 57DKmLJBRI5ZtiCgLUQMZY 6VltRkmJbCTqgKrTHk4Ulw 2Q7LpkYrS0PBpoq3iCqypa 1Olq2rrpVBYRXYAeS72Rjt 52vA3CYKZqZVdQnzRrdZt6 2GdKs8QgxkiQLK4Rqf61kd 78NYkSHX5zt3yazfGbMBu4 55NWdAwu1muDwDnSzGojjA 05k40oRJ58mQBJSAz0FkLI 02MdksRk96YQj2iTN7aCgf 00xR9dHhuaNznqB4FSzOlr 0UAJH0k4k3slcE83a9UGCe 5gmMa8nwzrkcPbHzSW3azN 72L8I2ivtx5D2Tel2bsdf9 20tiyvXaJMmnLCnStJY3s5 32y1kRg6IF3f6jpkHxzFoK 2oEBqwVpWmjur0nNZBzndZ 1GTmW0esklTA5mPFemIVda 0XCZJqFQmF3XT7WLH3qMPo 3JbE6e17yvNdPggjPDrCyO 0TfALzp5fAdJMHptbdJGZi 43D2iSp1XVGI6OOm8gvwnF 5SaM9QEK3zSiLa5nLhflVl 4uDnx2eQm8V9Fnj0L0k8bb 4rD6ZUmIKanxgxuFumAHP1 6WkdDhhPd2lUzu6TUN33kG 3ZQnf60uaiD3c7nGvnuebM 
mayer,6atVS7UZBxoyJkkteM62u5 2Jr39bnXx3WOUmdlI4S00f 1wU7z5XE8oa66ZvUlYAKfK 5FPnjikbwlDMULCCCa6ZCJ 7B2SMMslfm3Ocf7ZnTa5dS 1crSsvtU9wZB15dIQXV2QH 1LM6t24SjQr2bJHqeGIR4U 1crSsvtU9wZB15dIQXV2QH 1LM6t24SjQr2bJHqeGIR4U 2auWdKsT2wvdGIXjxBYvpS 7MRn6wgG0ReDRNYV5wJeGX 3jFP1e8IUpD9QbltEI1Hcg 7AtsEX4pJqmAaIajlMwaPU 6Oi3mUl8WwfTVRqEwByZ7R 03XjpGGdsIPouALXem2Cku 42dbDZX9bsEGqMZWYmnR7J 5e7ati4Dx5ax2YapfnV5FS 5SSqUpMby3y8W0qy3JME5E 0FRoVng8IZZoS0ATxIgvuH 3RMq7XrI3UtLXZBESe69fk 5imShWWzwqfAJ9gXFpGAQh 1IdTIzkTK6CcpKKgMUGbg7 74O2ijHJxPd6FJMgL6A4aq 3brCbW1KbGBUvMsqUhHQEy 5WMKS1iDfugyLhfibIlR51 3W93koK957HaoaNHyA3dTm 3URla9tUUZvizosMCHB0OV 5O3fUsQQBFxW8SH1kHthDH 5Aq5TIy9jVK70aL7xcE9oa 68KdvPllp9Pug8ZG6AByFY 1aiDlPLPljMFUylWjMZras 6yxobkt0REH26qbM4n9eDC 2c4FRqXnna2YeC4lShVONV 0q39nyBjL54ghLeDNNEWz0 2Rvhjn78vg0rnuBHCdtz9P 4OZtDR79Lwz1DblkJffzf3 0CETmgFGt8Ne8vLnaLcduU 21Eln1zIL4yA6XNLEd00fc 1G7Gg1cH4VKBu3XaoCppzC 6hiZw0OAAX2zmxdmVE7lRJ 6V3Sd5FVnf83LLA6VMP15F 7C9rpEBg8WwCBtsEoh9BDb 4MeXE7YF459t1PbFTtAklF 1BiJWoCw1xoYcZ76EO3IKV 7peh6LUcdNPcMdrSH4JPsM 5iONbHwZXGzwOjLO7CILVc 1c4oqyJGptLz2Yt7LLheX8 0aNHYchQUm7rgVoUSM2iKP 3RgR3cFZ6xh7MlB9DURK6e 2gCr4ESYU3CrXbJ4vVRLjO 
wrap,7KXjTSCq5nL1LoYtL7XAwS 3ZLyt2ndLFBh148XRYjYYZ 34oWbFBfGEElvgO0a5c9V4 2KpCpk6HjXXLb7nnXoXA5O 1yxgsra98r3qAtxqiGZPiX 6gBFPUFcJLzWGx4lenP6h2 3yfqSUWxFvZELEM4PmlwIR 0VgkVdmE4gld66l8iyGjgx 2EEeOnHehOozLq4aS0n6SL 76Y0gxtTxN0FyDCYh5qYQj 7GX5flRQZVHRAGd6B4TmDO 3nAq2hCr1oWsIU54tS98pL 0pSBuHjILhNEo55xK1zrRt 6p8NuHm8uCGnn2Dtbtf7zE 3a1lNhkSLSkpJE4MSHpDu9 6Ius4TC0L3cN74HT7ENE6e 0v9Wz8o0BT8DU38R4ddjeH 62vpWI1CHwFy7tMIcSStl8 16qYlQ6koFxYVbiJbGHblz 4X5f3vT8MRuXF68pfjNte5 0z5ZPs57J2KERwM1tBM2GF 6HZILIRieu8S0iqY8kIKhj 4Km5HrUvYTaSUfiSGPJeQR 5v7kaZNsnyByrSJOfO8gKq 1wHZx0LgzFHyeIZkUydNXq 2nBI3iWLhupR7LyAJ5GGkE 0Y0TOsE1q11qgbi7c5WZsG 20dP2DaMHIAmwWAbp7peSr 152lZdxL1OR0ZMW6KquMif 2bjwRfXMk4uRgOD9IBYl9h 3DXncPQOG4VBw3QHh3S817 2fQrGHiQOvpL9UgPvtYy6G 2771LMNxwf62FTAdpJMQfM 0BU7nIcCZxYSE0hYcc5oZz 5yuShbu70mtHXY0yLzCQLQ 4Q3N4Ct4zCuIHuZ65E3BD4 1Uq3IOIy1CUlHUgP6vWpum 7floNISpH8VF4z4459Qo18 7KOlJ92bu51cltsD9KU5I7 1e1JKLEDKP7hEQzJfNAgPl 3B54sVLJ402zGa6Xm4YGNe 51EC3I1nQXpec4gDk0mQyP 1cZlBZwnwGPtYeRIeQcoFh 7xVLFuuYdAvcTfcP3IG3dS 1XRgIKC5TPwo7nWGyKqgG0 1ysAvOdJgUjc6CqOQxepaz 2eAZfqOm4EnOF9VvN50Tyc 722tgOgdIbNe3BEyLnejw4 4INDiWSKvqSKDEu7mh8HFz 1f5cbQtDrykjarZVrShaDI 
christmas,13HVjjWUZFaWilh2QUJKsP 6aVmwG7MnSN4tdDEZ6RDQp 32OWobmyAz8J2qA8iWekyS 4Z0l8dIngsalL0QdCun5CE 489nZybL79w209ELXWJyVK 7G0x6r9xKrfN5j8Qhp7iGa 0Pd4lsvSDPkcNCxbcz0UeV 6Zztw1ERHqXAngHE8PfO6N 36TzEEPez0tk4rjYDjJl49 5uKF7XZmtNidHD848GfLVI 3Xr6kOC4De4Lk41lF9nzTy 4XTjl5WFlWr5RXDfcBUo1t 5Z2Ccva1c5ns7sTBmK7IeN 0lLdorYw7lVrJydTINhWdI 5Ber68jZ7ytegr2UISEdb7 4qBejt9FeqLI9blHI1Nq1x 2gbCG4Rt9984UZ7Tc0dIFd 0xPaZrF25ltzvz1a2Pm5DQ 6tjituizSxwSmBB5vtgHZE 6DwnAl6l63e83dDgIzY8P4 1DnSNqCQM3LUxqFuXt184Q 66WPXyhXqMlkM1kZhyEXWK 0tXPhc8LvM4dPvoRwI66XQ 3bKhNmXT3MmMfmrUzhvR7y 7zM2BFbA4QJjo3vwqp78ym 3pRTjSYlsfL3hqG43VolZl 49k6iIn3ceIhyeFNSQChQh 0iV9yfj1knFNOSEiuTHZwl 7vL54Ke5fNvWGD5BicNSMG 32h59T8q2SonUPJ006lyXt 2BNV1D5X4ioefyOE0uDFOL 1sFWEpf1aPYN576LS1aa4Y 0bYg9bo50gSsH3LtXe2SQn 3B7FO3kJ5kv3mX7yiaB7sT 1f2lkuLldqRzvaFjJdjGXX 74VQqRHWXDUyErPqwdeG5D 6JW1MvIVw1AHD7tT1Q7RaF 2XtlGumTEeco5fU4qSPA2L 2g2N78BH9x4iAzeSvjG7dU 1hy6kKvsPbv7VTcllCuATC 1ADjWm8QNhgNV8yCNNgQ1T 7Hz6LLOVxrojLPIHJJ1S0E 5bjWdBx64POBYiUny759hy 2U9kDk5mlHYunC7PvbZ8KX 0D7DRqVU5h31xtEUccV4s7 2kPpxNSgXRvu5yqkRLKJIu 7DG0w4DhCctrvlXIai22yg 0ErjxyZ4qHQVs5umCBIClk 4z8sz6E4YyFuEkv5o7IJni 0u0TlASkQWH2bGIZRu0HLh 
